,Flavor,Balance,Acidity,Cupper.Points,Aroma,Body,Uniformity,Clean.Cup,Sweetness,Category.Two.Defects,Aftertaste,Total.Cup.Points
0,8.83,8.42,8.75,8.75,8.67,8.5,10.0,10.0,10.0,0,8.67,90.58
1,8.67,8.42,8.58,8.58,8.75,8.42,10.0,10.0,10.0,1,8.5,89.92
2,8.5,8.42,8.42,9.25,8.42,8.33,10.0,10.0,10.0,0,8.42,89.75
3,8.58,8.25,8.42,8.67,8.17,8.5,10.0,10.0,10.0,2,8.42,89.0
4,8.5,8.33,8.5,8.58,8.25,8.42,10.0,10.0,10.0,2,8.25,88.83
5,8.42,8.33,8.5,8.33,8.58,8.25,10.0,10.0,10.0,1,8.42,88.83
6,8.5,8.25,8.5,8.5,8.42,8.25,10.0,10.0,10.0,0,8.33,88.75
7,8.33,8.5,8.42,9.0,8.25,8.33,10.0,10.0,9.33,0,8.5,88.67
8,8.67,8.42,8.42,8.67,8.67,8.33,9.33,10.0,9.33,0,8.58,88.42
9,8.58,8.42,8.5,8.5,8.08,7.67,10.0,10.0,10.0,4,8.5,88.25
10,8.67,8.17,8.5,8.58,8.17,7.75,10.0,10.0,10.0,1,8.25,88.08
11,8.42,8.17,8.33,8.5,8.25,8.08,10.0,10.0,10.0,0,8.17,87.92
12,8.67,8.08,8.42,8.33,8.08,8.0,10.0,10.0,10.0,0,8.33,87.92
13,8.42,8.0,8.25,8.58,8.33,8.25,10.0,10.0,10.0,2,8.08,87.92
14,8.33,8.75,8.25,8.5,8.25,8.58,9.33,10.0,9.33,2,8.5,87.83
15,8.5,8.0,8.17,8.17,8.0,8.17,10.0,10.0,10.0,0,8.58,87.58
16,8.25,8.42,7.75,8.33,8.33,8.5,10.0,10.0,10.0,0,7.83,87.42
17,8.33,8.33,8.33,8.83,8.17,8.42,9.33,10.0,9.33,2,8.25,87.33
18,8.25,8.0,8.17,8.42,8.42,7.92,10.0,10.0,10.0,0,8.08,87.25
19,8.17,8.33,8.17,8.33,8.17,8.08,10.0,10.0,10.0,8,8.0,87.25
20,8.25,8.0,8.5,8.17,8.0,8.25,10.0,10.0,10.0,0,8.08,87.25
21,8.25,8.33,8.17,8.33,8.08,8.0,10.0,10.0,10.0,2,8.0,87.17
22,8.25,8.17,8.0,8.58,8.17,7.83,10.0,10.0,10.0,0,8.17,87.17
23,8.33,8.17,8.17,8.17,8.25,7.83,10.0,10.0,10.0,0,8.17,87.08
24,8.17,8.0,8.17,8.08,8.42,8.33,10.0,10.0,10.0,1,7.92,87.08
25,8.5,8.0,8.0,7.92,8.5,8.0,10.0,10.0,10.0,2,8.0,86.92
26,8.25,8.17,8.17,8.25,7.83,8.17,10.0,10.0,10.0,2,8.08,86.92
27,8.17,7.92,8.17,8.17,8.42,7.83,10.0,10.0,10.0,1,8.17,86.83
28,8.08,8.0,8.0,8.25,8.17,8.08,10.0,10.0,10.0,3,8.08,86.67
29,8.0,8.17,8.25,8.17,8.0,8.0,10.0,10.0,10.0,0,8.0,86.58
30,8.25,8.08,8.33,8.0,7.92,8.0,10.0,10.0,10.0,2,8.0,86.58
31,8.17,8.0,8.0,8.17,8.42,7.58,10.0,10.0,10.0,1,8.17,86.5
32,8.17,8.0,7.75,8.0,8.5,8.0,10.0,10.0,10.0,2,8.0,86.42
33,7.83,8.0,8.08,8.42,8.17,7.83,10.0,10.0,10.0,0,8.0,86.33
34,8.08,8.08,8.0,8.08,8.0,8.08,10.0,10.0,10.0,3,7.92,86.25
35,8.0,7.92,8.25,8.08,8.08,7.92,10.0,10.0,10.0,1,8.0,86.25
36,8.17,7.83,7.92,8.33,8.08,7.92,10.0,10.0,10.0,4,8.0,86.25
37,8.42,7.83,7.75,8.25,8.25,7.67,10.0,10.0,10.0,1,8.08,86.25
38,7.75,8.17,8.08,8.17,7.92,8.08,10.0,10.0,10.0,2,8.08,86.25
39,8.17,8.08,8.0,8.08,7.67,8.17,10.0,10.0,10.0,0,8.0,86.17
40,8.33,7.92,8.25,8.42,7.83,7.58,10.0,10.0,10.0,9,7.83,86.17
41,7.92,8.0,7.75,8.08,8.17,8.33,10.0,10.0,10.0,2,7.92,86.17
42,7.92,8.0,7.75,8.17,8.42,7.92,10.0,10.0,10.0,3,8.0,86.17
43,8.17,7.83,8.08,8.42,8.08,7.75,10.0,10.0,10.0,0,7.75,86.08
44,8.08,8.08,8.0,8.0,8.08,7.83,10.0,10.0,10.0,2,8.0,86.08
45,8.0,8.0,8.0,8.0,8.33,7.75,10.0,10.0,10.0,2,8.0,86.08
46,8.08,7.92,7.92,8.08,8.08,8.08,10.0,10.0,10.0,0,7.83,86.0
47,7.92,8.17,8.08,8.17,7.75,8.08,10.0,10.0,10.0,1,7.83,86.0
48,8.17,7.92,8.5,8.17,7.92,7.5,10.0,10.0,10.0,1,7.83,86.0
49,8.0,7.92,8.08,7.92,8.25,8.0,10.0,10.0,10.0,0,7.83,86.0
50,8.08,8.0,8.25,7.92,7.75,8.0,10.0,10.0,10.0,4,8.0,86.0
51,8.17,7.83,8.0,8.17,8.33,7.75,10.0,10.0,10.0,0,7.75,86.0
52,8.08,7.83,8.08,8.0,7.92,8.08,10.0,10.0,10.0,3,7.92,85.92
53,8.17,7.75,8.08,8.0,8.17,7.83,10.0,10.0,10.0,0,7.92,85.92
54,8.0,8.0,8.17,7.92,8.0,7.83,10.0,10.0,10.0,0,8.0,85.92
55,8.0,8.0,8.08,8.0,8.0,7.83,10.0,10.0,10.0,0,7.92,85.83
56,8.08,7.92,8.08,8.0,7.83,8.0,10.0,10.0,10.0,4,7.92,85.83
57,8.0,8.0,8.17,8.0,7.83,7.83,10.0,10.0,10.0,3,8.0,85.83
58,8.0,7.83,8.33,8.0,8.0,7.83,10.0,10.0,10.0,1,7.83,85.83
59,8.0,8.0,8.17,8.0,7.83,7.92,10.0,10.0,10.0,7,7.83,85.75
60,8.0,7.75,8.08,8.0,8.0,7.92,10.0,10.0,10.0,6,8.0,85.75
61,8.42,8.25,8.33,7.92,8.33,8.0,9.33,9.33,10.0,1,7.83,85.75
62,8.17,7.83,7.92,8.0,7.92,7.75,10.0,10.0,10.0,3,8.0,85.58
63,8.0,8.17,7.75,7.92,7.83,7.92,10.0,10.0,10.0,0,8.0,85.58
64,8.0,8.0,7.75,8.0,7.83,8.08,10.0,10.0,10.0,1,7.92,85.58
65,7.75,8.58,7.83,7.83,8.0,7.67,10.0,10.0,10.0,2,7.83,85.5
66,7.92,7.92,8.08,8.0,7.92,7.83,10.0,10.0,10.0,3,7.83,85.5
67,8.0,8.08,7.92,8.0,7.83,7.83,10.0,10.0,10.0,7,7.83,85.5
68,7.92,7.92,7.92,8.08,8.33,7.67,10.0,10.0,10.0,1,7.67,85.5
69,7.83,8.0,8.33,7.83,8.0,7.83,10.0,10.0,10.0,1,7.67,85.5
70,7.83,7.83,8.17,8.08,7.75,7.92,10.0,10.0,10.0,18,7.83,85.42
71,8.0,7.83,7.67,8.0,8.08,8.0,10.0,10.0,10.0,5,7.83,85.42
72,7.92,7.92,7.92,8.25,7.92,7.75,10.0,10.0,10.0,6,7.75,85.42
73,8.0,8.0,7.67,8.0,8.0,7.75,10.0,10.0,10.0,1,8.0,85.42
74,7.83,7.83,8.08,7.92,8.08,7.83,10.0,10.0,10.0,0,7.83,85.42
75,8.0,7.75,7.83,7.92,8.0,7.83,10.0,10.0,10.0,0,8.0,85.33
76,7.75,8.58,7.67,7.83,7.83,7.83,10.0,10.0,10.0,1,7.83,85.33
77,8.08,8.08,7.92,8.0,7.92,8.0,10.0,10.0,9.33,0,8.0,85.33
78,7.58,8.5,7.67,7.92,8.0,8.08,10.0,10.0,10.0,2,7.58,85.33
79,8.08,7.75,8.08,7.92,7.83,7.92,10.0,10.0,10.0,2,7.75,85.33
80,7.92,7.75,8.08,7.83,8.0,7.83,10.0,10.0,10.0,6,7.92,85.33
81,7.83,7.83,8.08,8.08,7.83,7.75,10.0,10.0,10.0,2,7.92,85.33
82,7.83,7.75,8.33,8.0,7.92,7.75,10.0,10.0,10.0,3,7.75,85.33
83,7.92,7.83,8.0,7.83,8.0,7.92,10.0,10.0,10.0,2,7.75,85.25
84,7.92,7.83,8.0,7.92,8.17,7.58,10.0,10.0,10.0,0,7.83,85.25
85,8.08,7.92,7.83,7.92,7.58,8.0,10.0,10.0,10.0,2,7.92,85.25
86,7.83,7.83,8.0,8.0,7.75,8.08,10.0,10.0,10.0,3,7.67,85.17
87,8.0,7.67,7.92,7.92,8.25,7.75,10.0,10.0,10.0,7,7.67,85.17
88,8.0,7.92,8.0,7.83,7.75,8.0,10.0,10.0,10.0,8,7.58,85.08
89,7.83,7.75,8.08,7.67,8.17,8.0,10.0,10.0,10.0,0,7.58,85.08
90,8.0,7.92,8.0,8.08,8.42,7.92,9.33,10.0,10.0,7,7.42,85.08
91,7.83,8.17,7.92,7.92,7.58,7.83,10.0,10.0,10.0,2,7.83,85.08
92,8.0,7.83,7.75,8.08,7.83,7.83,10.0,10.0,10.0,8,7.75,85.08
93,8.17,8.0,8.0,8.17,8.08,8.08,9.33,9.33,10.0,7,7.92,85.08
94,8.0,7.83,8.0,7.83,7.67,7.92,10.0,10.0,10.0,5,7.83,85.08
95,7.92,7.75,7.83,7.92,7.5,7.92,10.0,10.0,10.0,0,8.25,85.08
96,7.92,7.75,7.75,8.0,8.17,7.67,10.0,10.0,10.0,1,7.75,85.0
97,7.92,7.83,7.92,7.83,8.0,7.75,10.0,10.0,10.0,3,7.75,85.0
98,8.0,7.83,7.92,7.92,7.83,7.92,10.0,10.0,10.0,1,7.58,85.0
99,8.0,7.83,7.75,8.08,7.83,7.67,10.0,10.0,10.0,3,7.83,85.0
100,7.83,7.83,7.75,7.83,8.17,7.67,10.0,10.0,10.0,7,7.92,85.0
101,7.83,7.75,8.08,7.83,7.75,8.0,10.0,10.0,10.0,5,7.75,85.0
102,8.0,7.67,7.83,8.0,8.0,7.67,10.0,10.0,10.0,3,7.83,85.0
103,8.17,7.83,8.08,7.83,7.92,7.42,10.0,10.0,10.0,0,7.75,85.0
104,7.92,8.0,7.75,7.83,7.75,8.0,10.0,10.0,10.0,1,7.75,85.0
105,8.08,7.67,8.0,8.0,7.83,7.75,10.0,10.0,10.0,1,7.67,85.0
106,7.92,7.83,7.83,7.83,7.92,7.92,10.0,10.0,10.0,2,7.67,84.92
107,7.83,8.0,7.83,7.83,7.92,7.75,10.0,10.0,10.0,1,7.75,84.92
108,7.83,7.92,7.58,7.92,7.67,8.0,10.0,10.0,10.0,0,8.0,84.92
109,7.83,7.75,7.92,7.83,8.0,7.75,10.0,10.0,10.0,2,7.83,84.92
110,7.92,8.0,7.75,7.92,7.75,7.75,10.0,10.0,10.0,3,7.83,84.92
111,8.0,7.92,7.83,8.17,7.75,7.5,10.0,10.0,10.0,0,7.75,84.92
112,7.92,7.75,7.75,7.75,8.0,8.0,10.0,10.0,10.0,2,7.75,84.92
113,8.0,7.75,8.0,7.92,8.0,7.5,10.0,10.0,10.0,2,7.75,84.92
114,7.67,7.75,8.17,7.58,8.0,7.92,10.0,10.0,10.0,9,7.83,84.92
115,7.58,7.83,7.83,8.0,7.92,7.83,10.0,10.0,10.0,0,7.83,84.83
116,7.92,7.75,7.67,7.83,7.75,8.25,10.0,10.0,10.0,1,7.67,84.83
117,7.75,8.0,7.75,8.08,7.67,7.83,10.0,10.0,10.0,15,7.75,84.83
118,7.92,7.67,7.92,8.0,7.75,7.75,10.0,10.0,10.0,2,7.83,84.83
119,7.92,7.83,8.0,7.92,7.42,7.83,10.0,10.0,10.0,4,7.92,84.83
120,7.75,7.75,7.75,8.0,7.75,8.0,10.0,10.0,10.0,0,7.75,84.75
121,7.83,7.83,7.92,7.92,7.92,7.75,10.0,10.0,10.0,0,7.58,84.75
122,7.75,7.67,7.67,8.17,7.83,7.67,10.0,10.0,10.0,4,8.0,84.75
123,8.0,7.92,8.33,7.75,7.75,7.67,10.0,10.0,9.33,3,8.0,84.75
124,7.58,7.67,7.83,8.5,7.83,7.75,10.0,10.0,10.0,2,7.58,84.75
125,7.83,7.67,8.0,8.0,7.83,7.83,10.0,10.0,10.0,2,7.5,84.67
126,7.83,7.75,7.75,7.92,7.92,7.75,10.0,10.0,10.0,7,7.75,84.67
127,7.75,7.83,7.42,8.08,7.75,8.08,10.0,10.0,10.0,0,7.75,84.67
128,7.75,7.92,7.83,7.92,8.08,7.5,10.0,10.0,10.0,2,7.67,84.67
129,7.83,7.75,8.0,7.83,7.75,7.92,10.0,10.0,10.0,1,7.58,84.67
130,8.0,7.75,7.17,7.92,8.17,7.83,10.0,10.0,10.0,0,7.83,84.67
131,7.83,7.67,7.83,7.92,8.08,7.58,10.0,10.0,10.0,3,7.75,84.67
132,7.58,8.58,7.75,7.67,7.67,7.67,10.0,10.0,10.0,1,7.75,84.67
133,7.58,7.75,7.75,8.0,8.0,7.75,10.0,10.0,10.0,4,7.83,84.67
134,7.83,8.0,7.83,7.92,8.08,7.92,10.0,10.0,9.33,10,7.75,84.67
135,7.92,7.75,7.75,7.75,8.0,7.75,10.0,10.0,10.0,0,7.75,84.67
136,7.83,7.83,7.83,7.92,7.75,7.75,10.0,10.0,10.0,0,7.75,84.67
137,7.92,7.75,8.0,7.83,7.75,7.58,10.0,10.0,10.0,0,7.83,84.67
138,7.83,8.0,7.83,7.67,8.0,7.67,10.0,10.0,10.0,4,7.67,84.67
139,7.83,7.83,8.0,8.0,7.67,7.67,10.0,10.0,10.0,4,7.67,84.67
140,7.58,7.83,7.92,7.92,7.83,7.92,10.0,10.0,10.0,3,7.67,84.67
141,7.83,7.75,7.92,7.83,7.92,7.67,10.0,10.0,10.0,3,7.75,84.67
142,7.83,7.83,7.75,7.92,7.67,7.92,10.0,10.0,10.0,3,7.75,84.67
143,7.75,7.92,8.0,7.83,7.42,8.0,10.0,10.0,10.0,3,7.75,84.67
144,7.75,7.92,7.75,7.83,7.92,7.58,10.0,10.0,10.0,5,7.83,84.58
145,7.67,7.83,7.92,8.08,7.83,7.67,10.0,10.0,10.0,4,7.58,84.58
146,7.83,7.67,8.0,7.75,7.92,7.83,10.0,10.0,10.0,5,7.58,84.58
147,7.83,7.83,7.75,7.92,7.83,7.58,10.0,10.0,10.0,2,7.83,84.58
148,7.83,7.83,7.92,7.83,7.75,7.75,10.0,10.0,10.0,1,7.67,84.58
149,7.92,7.67,7.58,8.17,8.0,7.58,10.0,10.0,10.0,0,7.67,84.58
150,7.67,8.5,7.75,7.83,7.67,7.58,10.0,10.0,10.0,0,7.58,84.58
151,7.75,8.0,7.75,7.92,7.75,7.58,10.0,10.0,10.0,5,7.83,84.58
152,7.75,7.75,8.08,7.75,7.75,7.75,10.0,10.0,10.0,0,7.75,84.58
153,7.83,7.92,8.0,7.75,7.67,7.58,10.0,10.0,10.0,2,7.83,84.58
154,7.83,7.67,8.0,7.75,7.75,7.83,10.0,10.0,10.0,2,7.75,84.58
155,7.67,7.83,7.75,8.08,7.42,8.08,10.0,10.0,10.0,6,7.75,84.58
156,8.0,7.75,7.75,7.75,8.0,7.58,10.0,10.0,10.0,2,7.75,84.58
157,8.0,7.83,7.75,7.5,8.5,7.5,10.0,10.0,10.0,1,7.5,84.58
158,7.67,7.58,7.75,8.0,7.92,7.67,10.0,10.0,10.0,2,7.92,84.5
159,7.75,7.75,7.75,7.83,7.92,7.83,10.0,10.0,10.0,1,7.67,84.5
160,7.92,7.67,7.83,7.92,7.75,7.75,10.0,10.0,10.0,1,7.67,84.5
161,7.83,7.58,7.83,7.92,7.92,7.58,10.0,10.0,10.0,0,7.83,84.5
162,7.67,7.67,7.83,7.75,8.08,7.67,10.0,10.0,10.0,0,7.83,84.5
163,8.0,7.58,7.83,7.92,7.67,7.75,10.0,10.0,10.0,2,7.75,84.5
164,7.83,7.83,7.83,7.5,8.17,7.67,10.0,10.0,10.0,2,7.67,84.5
165,7.83,7.75,8.0,7.67,7.92,7.67,10.0,10.0,10.0,0,7.67,84.5
166,7.92,7.67,8.08,7.92,8.0,7.5,10.0,10.0,10.0,0,7.42,84.5
167,7.83,7.83,7.75,7.67,7.92,7.75,10.0,10.0,10.0,4,7.75,84.5
168,8.0,7.83,8.0,7.83,7.67,7.5,10.0,10.0,10.0,2,7.67,84.5
169,7.81,8.25,7.75,8.13,7.81,7.38,9.5,10.0,10.0,4,7.88,84.5
170,7.67,7.75,7.75,7.75,8.17,7.67,10.0,10.0,10.0,0,7.75,84.5
171,7.83,7.58,8.0,7.92,7.58,7.67,10.0,10.0,10.0,3,7.83,84.42
172,7.67,7.83,7.58,8.0,7.67,7.83,10.0,10.0,10.0,3,7.83,84.42
173,7.83,7.67,7.67,7.67,7.92,7.92,10.0,10.0,10.0,1,7.75,84.42
174,7.75,7.75,7.92,7.75,7.92,7.67,10.0,10.0,10.0,3,7.67,84.42
175,7.83,7.75,8.0,7.75,7.83,7.5,10.0,10.0,10.0,0,7.75,84.42
176,7.92,7.92,7.83,7.83,7.92,7.5,10.0,10.0,10.0,1,7.5,84.42
177,7.92,7.67,7.67,7.83,7.75,7.83,10.0,10.0,10.0,4,7.75,84.42
178,7.75,7.75,7.92,7.75,7.5,7.92,10.0,10.0,10.0,2,7.83,84.42
179,7.58,7.92,7.75,8.17,7.33,7.75,10.0,10.0,10.0,4,7.83,84.33
180,8.0,7.75,7.67,7.58,7.92,7.67,10.0,10.0,10.0,3,7.75,84.33
181,7.75,8.5,7.83,7.5,7.58,7.67,10.0,10.0,10.0,5,7.5,84.33
182,7.92,7.75,7.75,7.83,7.58,7.92,10.0,10.0,10.0,2,7.58,84.33
183,7.67,7.83,7.83,7.83,7.67,7.75,10.0,10.0,10.0,4,7.75,84.33
184,7.67,7.83,7.67,7.33,7.75,8.08,10.0,10.0,10.0,0,8.0,84.33
185,7.58,8.08,7.83,8.17,7.75,7.58,10.0,10.0,10.0,0,7.33,84.33
186,7.75,7.67,7.83,7.83,8.0,7.5,10.0,10.0,10.0,1,7.75,84.33
187,8.0,7.67,7.75,7.75,8.17,7.5,10.0,10.0,10.0,4,7.5,84.33
188,8.0,7.75,7.5,7.92,8.0,7.67,10.0,10.0,10.0,2,7.5,84.33
189,7.75,7.92,7.75,7.75,7.75,7.5,10.0,10.0,10.0,1,7.92,84.33
190,7.67,7.92,7.67,7.92,7.5,7.92,10.0,10.0,10.0,1,7.75,84.33
191,7.75,7.83,7.67,7.67,7.92,7.67,10.0,10.0,10.0,0,7.75,84.25
192,7.75,7.67,7.42,8.0,7.83,7.83,10.0,10.0,10.0,0,7.75,84.25
193,7.58,8.0,7.58,7.83,7.83,7.67,10.0,10.0,10.0,2,7.75,84.25
194,7.75,7.75,7.92,7.75,7.75,7.75,10.0,10.0,10.0,4,7.58,84.25
195,7.92,7.67,8.08,7.75,7.75,7.58,10.0,10.0,10.0,1,7.5,84.25
196,7.83,7.75,7.75,7.75,7.83,7.75,10.0,10.0,10.0,1,7.58,84.25
197,7.67,7.92,7.75,7.83,7.67,7.67,10.0,10.0,10.0,3,7.75,84.25
198,7.67,7.75,7.58,7.75,7.83,7.92,10.0,10.0,10.0,2,7.75,84.25
199,7.75,7.75,7.58,7.83,7.83,7.67,10.0,10.0,10.0,0,7.83,84.25
200,7.67,7.83,7.75,7.83,7.42,7.92,10.0,10.0,10.0,0,7.83,84.25
201,7.67,7.67,7.83,7.83,7.83,7.67,10.0,10.0,10.0,7,7.75,84.25
202,7.75,7.75,7.75,7.75,7.83,7.67,10.0,10.0,10.0,2,7.75,84.25
203,7.83,7.75,7.92,7.83,7.83,7.58,10.0,10.0,10.0,1,7.5,84.25
204,7.5,7.83,7.83,7.83,7.58,7.92,10.0,10.0,10.0,2,7.75,84.25
205,7.92,8.08,7.92,7.83,7.33,7.92,10.0,10.0,9.33,1,7.92,84.25
206,7.92,7.75,7.83,7.75,7.83,7.5,10.0,10.0,10.0,1,7.67,84.25
207,7.83,7.58,7.67,7.75,7.83,7.83,10.0,10.0,10.0,0,7.75,84.25
208,7.92,7.75,7.75,7.83,7.83,7.5,10.0,10.0,10.0,4,7.67,84.25
209,7.75,7.58,7.67,7.67,8.17,7.83,10.0,10.0,10.0,29,7.58,84.25
210,7.83,7.75,7.83,7.75,7.75,7.67,10.0,10.0,10.0,1,7.58,84.17
211,7.75,7.83,7.67,7.75,7.83,7.75,10.0,10.0,10.0,2,7.58,84.17
212,7.75,7.67,7.67,8.0,7.92,7.5,10.0,10.0,10.0,2,7.67,84.17
213,7.75,7.83,8.0,7.58,7.75,7.67,10.0,10.0,10.0,6,7.58,84.17
214,7.92,7.67,7.92,7.67,7.75,7.67,10.0,10.0,10.0,10,7.58,84.17
215,7.83,7.67,7.83,7.83,7.58,7.83,10.0,10.0,10.0,2,7.58,84.17
216,7.5,7.83,7.67,7.67,8.0,8.0,10.0,10.0,10.0,0,7.5,84.17
217,7.83,7.83,7.5,7.83,7.67,7.67,10.0,10.0,10.0,0,7.83,84.17
218,7.75,7.75,7.67,7.75,7.67,7.83,10.0,10.0,10.0,16,7.75,84.17
219,7.75,8.0,7.75,7.83,7.67,7.5,10.0,10.0,10.0,0,7.67,84.17
220,7.92,7.83,7.83,7.75,7.5,7.75,10.0,10.0,10.0,5,7.58,84.17
221,7.75,7.58,7.75,7.67,7.92,7.75,10.0,10.0,10.0,0,7.75,84.17
222,7.5,8.58,7.42,7.5,7.67,7.83,10.0,10.0,10.0,4,7.67,84.17
223,7.75,7.75,7.75,7.83,7.67,7.75,10.0,10.0,10.0,0,7.67,84.17
224,7.75,7.83,7.75,7.75,7.58,7.75,10.0,10.0,10.0,0,7.75,84.17
225,7.83,8.0,7.67,7.67,7.58,7.67,10.0,10.0,10.0,3,7.75,84.17
226,7.75,7.92,7.67,7.42,7.92,7.83,10.0,10.0,10.0,4,7.67,84.17
227,8.08,8.17,7.17,7.92,8.42,7.58,9.33,10.0,10.0,2,7.5,84.17
228,7.75,7.75,7.75,7.58,7.75,7.83,10.0,10.0,10.0,2,7.75,84.17
229,7.5,7.83,8.0,7.67,7.83,7.83,10.0,10.0,10.0,2,7.5,84.17
230,7.75,7.75,7.83,7.67,7.83,7.83,10.0,10.0,10.0,1,7.5,84.17
231,7.88,7.75,7.75,7.75,7.81,7.63,10.0,10.0,10.0,0,7.56,84.13
232,7.5,8.5,7.5,7.5,7.83,7.83,10.0,10.0,10.0,3,7.42,84.08
233,7.67,7.83,7.67,7.92,7.58,7.75,10.0,10.0,10.0,4,7.67,84.08
234,7.75,7.67,7.58,7.67,8.0,7.92,10.0,10.0,10.0,4,7.5,84.08
235,7.75,7.67,7.75,7.67,7.92,7.67,10.0,10.0,10.0,2,7.67,84.08
236,7.75,7.67,8.0,7.67,7.58,7.75,10.0,10.0,10.0,10,7.67,84.08
237,7.75,8.08,7.83,8.0,7.83,7.42,9.33,10.0,10.0,9,7.83,84.08
238,7.75,7.75,7.75,7.83,7.67,7.67,10.0,10.0,10.0,10,7.67,84.08
239,7.92,7.92,8.0,7.92,7.92,7.92,10.0,10.0,8.67,15,7.83,84.08
240,7.75,7.75,7.75,7.67,7.58,7.83,10.0,10.0,10.0,13,7.67,84.0
241,7.75,7.75,7.75,7.92,7.83,7.33,10.0,10.0,10.0,1,7.67,84.0
242,7.83,7.58,7.92,7.75,7.42,7.75,10.0,10.0,10.0,5,7.75,84.0
243,7.83,7.67,7.92,7.58,7.67,7.75,10.0,10.0,10.0,7,7.58,84.0
244,7.67,7.83,7.58,7.83,7.67,7.58,10.0,10.0,10.0,7,7.83,84.0
245,7.67,7.83,7.92,7.5,7.92,7.75,10.0,10.0,10.0,1,7.42,84.0
246,7.83,7.67,7.83,7.83,7.75,7.58,10.0,10.0,10.0,0,7.5,84.0
247,7.75,7.75,7.67,7.83,7.67,7.67,10.0,10.0,10.0,0,7.67,84.0
248,7.42,7.92,7.92,7.67,7.58,7.75,10.0,10.0,10.0,0,7.75,84.0
249,7.67,7.67,7.5,8.33,7.67,7.67,10.0,10.0,10.0,3,7.5,84.0
250,7.75,7.92,7.58,7.83,7.75,7.67,10.0,10.0,10.0,40,7.5,84.0
251,7.83,7.75,7.25,7.92,7.58,8.0,10.0,10.0,10.0,0,7.67,84.0
252,7.83,7.75,7.75,7.67,7.67,7.67,10.0,10.0,10.0,1,7.67,84.0
253,7.83,7.67,7.75,7.67,7.67,7.92,10.0,10.0,10.0,2,7.5,84.0
254,8.17,8.17,8.42,8.42,7.92,8.08,8.67,8.67,9.33,0,8.17,84.0
255,7.75,7.67,7.75,7.67,7.67,7.83,10.0,10.0,10.0,0,7.67,84.0
256,7.75,7.83,7.67,7.58,7.92,7.67,10.0,10.0,10.0,26,7.58,84.0
257,7.75,7.75,7.75,8.0,7.58,7.58,10.0,10.0,10.0,0,7.58,84.0
258,7.75,7.5,7.5,8.5,7.5,7.58,10.0,10.0,10.0,3,7.58,83.92
259,7.83,7.5,7.92,7.83,7.83,7.42,10.0,10.0,10.0,5,7.58,83.92
260,7.75,7.83,7.67,7.83,7.67,7.67,10.0,10.0,10.0,1,7.5,83.92
261,7.67,7.83,7.75,7.83,7.58,7.58,10.0,10.0,10.0,7,7.67,83.92
262,7.75,7.75,7.75,7.83,7.83,7.83,9.33,10.0,10.0,3,7.83,83.92
263,7.67,7.75,7.75,7.67,7.75,7.83,10.0,10.0,10.0,2,7.5,83.92
264,7.58,7.92,7.83,7.58,7.75,7.75,10.0,10.0,10.0,5,7.5,83.92
265,7.75,7.67,7.75,7.67,7.75,7.75,10.0,10.0,10.0,0,7.58,83.92
266,7.67,7.67,7.83,7.75,7.92,7.58,10.0,10.0,10.0,0,7.5,83.92
267,7.75,7.75,7.58,7.67,7.83,7.75,10.0,10.0,10.0,1,7.58,83.92
268,7.58,7.67,7.83,7.58,7.75,7.83,10.0,10.0,10.0,1,7.67,83.92
269,7.92,7.33,7.92,7.17,8.0,7.67,10.0,10.0,10.0,0,7.92,83.92
270,7.83,7.83,7.75,7.5,7.67,7.67,10.0,10.0,10.0,3,7.67,83.92
271,7.75,7.83,7.67,7.67,7.67,7.75,10.0,10.0,10.0,32,7.58,83.92
272,7.67,7.75,7.83,7.83,7.5,7.75,10.0,10.0,10.0,2,7.58,83.92
273,7.92,7.67,7.92,7.75,7.75,7.75,9.33,10.0,10.0,2,7.83,83.92
274,7.58,7.67,7.83,7.75,7.92,7.58,10.0,10.0,10.0,6,7.5,83.83
275,7.67,7.75,7.75,7.58,7.83,7.75,10.0,10.0,10.0,0,7.5,83.83
276,7.67,7.75,7.67,7.83,7.67,7.5,10.0,10.0,10.0,0,7.75,83.83
277,7.75,7.58,7.75,7.67,7.75,7.83,10.0,10.0,10.0,6,7.5,83.83
278,7.67,7.67,7.75,7.75,7.75,7.75,10.0,10.0,10.0,0,7.5,83.83
279,7.58,7.83,8.0,8.0,7.25,7.75,10.0,10.0,10.0,0,7.42,83.83
280,7.75,7.75,7.75,7.83,7.67,7.42,10.0,10.0,10.0,1,7.67,83.83
281,7.75,7.67,7.67,7.75,7.75,7.58,10.0,10.0,10.0,4,7.67,83.83
282,7.67,8.17,7.5,8.08,7.67,7.83,10.0,10.0,9.33,1,7.58,83.83
283,7.42,7.83,7.83,7.67,7.83,7.75,10.0,10.0,10.0,3,7.5,83.83
284,7.83,7.75,8.0,7.75,7.58,7.58,10.0,10.0,10.0,1,7.33,83.83
285,7.5,7.5,7.67,7.75,7.92,8.17,10.0,10.0,10.0,0,7.33,83.83
286,7.67,7.83,7.75,7.67,7.5,7.83,10.0,10.0,10.0,0,7.58,83.83
287,7.58,7.67,7.83,7.92,7.67,7.58,10.0,10.0,10.0,1,7.58,83.83
288,7.83,7.67,7.83,7.67,7.5,7.83,10.0,10.0,10.0,3,7.5,83.83
289,8.0,7.5,7.42,7.92,7.67,7.67,10.0,10.0,10.0,2,7.67,83.83
290,7.58,7.75,7.75,7.83,7.67,7.75,10.0,10.0,10.0,4,7.5,83.83
291,7.83,7.58,7.67,7.83,7.83,7.5,10.0,10.0,10.0,3,7.58,83.83
292,7.75,7.58,8.0,7.5,7.75,7.67,10.0,10.0,10.0,2,7.58,83.83
293,7.83,7.83,7.58,7.75,7.5,7.75,10.0,10.0,10.0,0,7.58,83.83
294,7.83,7.5,8.0,7.5,7.58,7.83,10.0,10.0,10.0,3,7.58,83.83
295,7.58,7.75,7.58,7.83,7.75,7.75,10.0,10.0,10.0,2,7.5,83.75
296,7.67,7.67,7.75,7.75,7.67,7.67,10.0,10.0,10.0,5,7.58,83.75
297,7.83,7.58,7.58,7.75,7.83,7.58,10.0,10.0,10.0,1,7.58,83.75
298,7.67,7.83,7.58,7.75,7.67,7.67,10.0,10.0,10.0,0,7.58,83.75
299,7.75,7.5,7.67,7.67,7.92,7.75,10.0,10.0,10.0,4,7.5,83.75
300,7.75,7.67,7.5,7.75,7.83,7.58,10.0,10.0,10.0,2,7.67,83.75
301,7.67,7.83,7.67,7.75,7.75,7.58,10.0,10.0,10.0,0,7.5,83.75
302,7.92,7.5,7.75,7.67,8.0,7.33,10.0,10.0,10.0,0,7.58,83.75
303,7.83,8.17,7.67,7.75,7.83,8.0,9.33,9.33,10.0,1,7.83,83.75
304,7.67,7.67,7.92,7.67,7.67,7.5,10.0,10.0,10.0,5,7.67,83.75
305,7.42,8.33,7.42,7.5,7.67,8.0,10.0,10.0,10.0,3,7.42,83.75
306,7.67,7.67,7.67,7.75,7.58,7.67,10.0,10.0,10.0,1,7.75,83.75
307,7.67,8.0,7.58,7.58,7.75,7.42,10.0,10.0,10.0,3,7.75,83.75
308,7.42,8.25,7.58,7.75,7.25,7.83,10.0,10.0,10.0,0,7.67,83.75
309,7.58,7.67,7.5,7.83,7.83,7.75,10.0,10.0,10.0,5,7.58,83.75
310,7.58,7.75,7.67,7.75,7.67,7.75,10.0,10.0,10.0,1,7.58,83.75
311,7.83,7.67,7.33,8.08,7.83,7.42,10.0,10.0,10.0,1,7.58,83.75
312,7.67,8.5,7.25,7.75,7.75,7.58,10.0,10.0,10.0,1,7.25,83.75
313,7.67,7.5,7.67,7.75,7.83,7.58,10.0,10.0,10.0,0,7.75,83.75
314,7.83,7.5,7.67,7.83,7.67,7.67,10.0,10.0,10.0,2,7.5,83.67
315,7.67,7.67,7.58,7.75,8.08,7.25,10.0,10.0,10.0,0,7.67,83.67
316,7.5,8.0,7.67,7.33,7.5,8.0,10.0,10.0,10.0,2,7.67,83.67
317,7.75,7.58,7.67,7.5,7.67,7.83,10.0,10.0,10.0,3,7.67,83.67
318,7.75,7.58,7.75,7.83,7.58,7.58,10.0,10.0,10.0,3,7.58,83.67
319,7.67,7.67,7.92,7.75,7.5,7.83,10.0,10.0,10.0,0,7.33,83.67
320,7.67,7.5,7.5,8.33,7.33,7.67,10.0,10.0,10.0,1,7.67,83.67
321,7.75,7.58,7.83,7.75,7.5,7.67,10.0,10.0,10.0,0,7.58,83.67
322,7.75,7.67,7.75,7.83,7.5,7.67,10.0,10.0,10.0,4,7.5,83.67
323,7.5,8.0,8.0,7.5,8.0,8.0,9.33,10.0,10.0,0,7.33,83.67
324,7.75,7.67,7.58,7.58,7.83,7.58,10.0,10.0,10.0,3,7.67,83.67
325,7.67,7.75,7.67,7.92,7.67,7.33,10.0,10.0,10.0,1,7.67,83.67
326,7.67,7.75,7.67,7.5,7.67,8.0,10.0,10.0,10.0,3,7.42,83.67
327,7.67,7.83,7.67,7.67,7.83,7.67,10.0,10.0,10.0,2,7.33,83.67
328,7.75,7.75,7.83,7.83,7.75,7.17,10.0,10.0,10.0,1,7.58,83.67
329,8.17,7.75,7.67,8.0,8.17,8.08,9.33,9.33,9.33,1,7.83,83.67
330,8.17,7.83,7.42,7.5,7.67,7.58,10.0,10.0,10.0,13,7.5,83.67
331,7.5,8.25,7.33,7.58,7.67,7.83,10.0,10.0,10.0,11,7.5,83.67
332,7.67,7.67,7.58,7.58,8.17,7.42,10.0,10.0,10.0,0,7.58,83.67
333,7.5,7.67,8.0,7.83,7.67,7.67,10.0,10.0,10.0,0,7.33,83.67
334,8.0,8.0,8.08,8.17,7.75,7.75,9.33,9.33,9.33,0,7.92,83.67
335,7.67,7.58,7.58,7.92,7.58,7.67,10.0,10.0,10.0,5,7.58,83.58
336,7.75,7.58,7.83,7.58,7.75,7.58,10.0,10.0,10.0,0,7.5,83.58
337,7.75,7.58,7.58,7.67,7.75,7.67,10.0,10.0,10.0,4,7.58,83.58
338,7.58,7.75,7.58,7.75,7.67,7.67,10.0,10.0,10.0,4,7.58,83.58
339,7.75,7.58,7.67,7.58,7.67,7.75,10.0,10.0,10.0,3,7.58,83.58
340,7.75,7.67,7.58,7.75,7.75,7.5,10.0,10.0,10.0,13,7.58,83.58
341,7.67,7.67,7.67,7.75,7.75,7.5,10.0,10.0,10.0,7,7.58,83.58
342,7.67,7.67,7.75,7.67,7.67,7.75,10.0,10.0,10.0,5,7.42,83.58
343,7.58,7.67,7.67,7.67,7.67,7.67,10.0,10.0,10.0,0,7.67,83.58
344,7.58,7.75,7.58,7.67,7.67,7.67,10.0,10.0,10.0,1,7.67,83.58
345,7.58,7.83,7.58,7.58,7.75,7.75,10.0,10.0,10.0,0,7.5,83.58
346,7.75,7.58,7.75,7.5,7.75,7.5,10.0,10.0,10.0,0,7.75,83.58
347,7.67,7.58,7.67,7.67,7.67,7.75,10.0,10.0,10.0,3,7.58,83.58
348,7.67,7.58,7.58,7.67,7.83,7.67,10.0,10.0,10.0,2,7.58,83.58
349,7.58,7.75,7.58,7.75,7.67,7.67,10.0,10.0,10.0,4,7.58,83.58
350,7.75,7.58,7.75,7.67,7.83,7.5,10.0,10.0,10.0,2,7.5,83.58
351,7.58,7.5,7.75,7.58,7.75,7.75,10.0,10.0,10.0,5,7.58,83.5
352,7.58,7.0,7.17,10.0,7.58,7.0,10.0,10.0,10.0,0,7.17,83.5
353,7.42,7.67,7.67,7.83,7.92,7.5,10.0,10.0,10.0,0,7.5,83.5
354,7.58,7.75,7.5,7.58,7.75,7.75,10.0,10.0,10.0,0,7.58,83.5
355,7.75,7.58,7.83,7.58,7.67,7.58,10.0,10.0,10.0,5,7.5,83.5
356,7.58,7.67,7.58,7.75,7.58,7.75,10.0,10.0,10.0,4,7.58,83.5
357,7.67,7.58,7.67,7.58,7.75,7.67,10.0,10.0,10.0,21,7.58,83.5
358,7.67,7.58,7.92,7.67,7.25,7.83,10.0,10.0,10.0,8,7.58,83.5
359,7.75,7.67,7.58,7.58,7.67,7.75,10.0,10.0,10.0,18,7.5,83.5
360,7.42,7.67,7.83,7.67,7.67,7.58,10.0,10.0,10.0,0,7.67,83.5
361,7.58,7.58,7.58,7.58,8.0,7.92,10.0,10.0,10.0,0,7.25,83.5
362,7.75,7.67,7.83,7.75,7.58,7.42,10.0,10.0,10.0,0,7.5,83.5
363,7.58,7.83,7.5,7.67,7.75,7.83,10.0,10.0,10.0,0,7.33,83.5
364,7.5,7.67,7.5,7.83,7.67,7.67,10.0,10.0,10.0,3,7.67,83.5
365,7.75,7.67,7.67,7.67,7.58,7.75,10.0,10.0,10.0,1,7.42,83.5
366,7.67,7.75,7.75,7.58,7.58,7.58,10.0,10.0,10.0,2,7.58,83.5
367,7.58,7.42,7.5,8.42,7.83,7.5,10.0,10.0,10.0,14,7.25,83.5
368,7.75,7.5,7.75,7.58,7.67,7.58,10.0,10.0,10.0,12,7.67,83.5
369,7.67,7.5,7.75,7.83,7.75,7.33,10.0,10.0,10.0,0,7.67,83.5
370,7.5,7.5,8.0,7.5,7.83,7.67,10.0,10.0,10.0,5,7.5,83.5
371,7.58,7.67,7.67,7.67,7.67,7.67,10.0,10.0,10.0,0,7.58,83.5
372,7.5,7.67,7.5,7.58,7.5,8.0,10.0,10.0,10.0,12,7.75,83.5
373,7.67,7.67,7.92,7.58,7.5,7.58,10.0,10.0,10.0,0,7.58,83.5
374,7.58,7.58,7.58,7.58,7.83,7.75,10.0,10.0,10.0,0,7.58,83.5
375,7.58,7.83,7.5,7.67,7.5,7.75,10.0,10.0,10.0,1,7.58,83.42
376,7.75,7.67,7.58,7.67,7.67,7.58,10.0,10.0,10.0,3,7.5,83.42
377,7.67,7.58,7.67,7.67,7.67,7.67,10.0,10.0,10.0,2,7.5,83.42
378,7.5,7.67,7.92,7.83,7.58,7.5,10.0,10.0,10.0,4,7.42,83.42
379,7.67,7.0,7.08,10.0,7.67,7.0,10.0,10.0,10.0,0,7.0,83.42
380,7.75,7.58,7.75,7.75,7.58,7.67,10.0,10.0,10.0,1,7.33,83.42
381,7.58,7.67,7.5,7.67,7.5,7.75,10.0,10.0,10.0,0,7.75,83.42
382,7.5,7.67,7.58,7.58,7.58,7.75,10.0,10.0,10.0,0,7.75,83.42
383,7.67,7.67,7.67,7.67,7.58,7.58,10.0,10.0,10.0,0,7.58,83.42
384,7.83,7.83,7.5,7.75,7.33,7.42,10.0,10.0,10.0,6,7.75,83.42
385,7.67,7.58,7.67,7.58,7.75,7.58,10.0,10.0,10.0,4,7.58,83.42
386,7.58,8.58,7.75,7.58,7.58,7.75,9.33,10.0,10.0,1,7.25,83.42
387,7.83,7.67,7.83,7.5,7.75,7.5,10.0,10.0,10.0,1,7.33,83.42
388,7.75,7.5,7.83,7.58,7.67,7.58,10.0,10.0,10.0,2,7.5,83.42
389,7.5,7.75,7.42,7.58,7.67,7.75,10.0,10.0,10.0,0,7.75,83.42
390,7.75,7.67,7.58,7.67,7.42,7.67,10.0,10.0,10.0,2,7.67,83.42
391,7.75,7.75,7.5,7.67,7.5,7.67,10.0,10.0,10.0,2,7.58,83.42
392,7.58,7.67,7.67,7.58,7.58,7.75,10.0,10.0,10.0,3,7.58,83.42
393,7.92,7.58,7.67,7.5,7.5,7.83,10.0,10.0,10.0,0,7.42,83.42
394,7.25,7.42,7.92,7.83,7.58,7.92,10.0,10.0,10.0,0,7.5,83.42
395,7.88,8.75,7.63,8.0,7.25,7.5,9.0,10.0,10.0,4,7.38,83.38
396,7.5,7.58,7.58,7.58,7.75,7.58,10.0,10.0,10.0,0,7.75,83.33
397,7.58,7.75,7.42,7.67,7.67,7.67,10.0,10.0,10.0,0,7.58,83.33
398,7.58,7.58,7.58,7.67,7.83,7.5,10.0,10.0,10.0,2,7.58,83.33
399,7.83,7.92,7.58,7.58,7.5,7.58,10.0,10.0,10.0,5,7.33,83.33
400,7.75,7.58,7.67,7.58,7.75,7.5,10.0,10.0,10.0,2,7.5,83.33
401,7.75,7.42,7.83,7.42,7.67,7.83,10.0,10.0,10.0,1,7.42,83.33
402,7.58,7.58,7.58,7.58,7.75,7.58,10.0,10.0,10.0,6,7.67,83.33
403,7.67,7.58,7.67,7.67,7.67,7.5,10.0,10.0,10.0,0,7.58,83.33
404,7.67,7.67,7.67,7.58,7.67,7.67,10.0,10.0,10.0,3,7.42,83.33
405,7.58,8.0,7.67,7.83,7.83,7.92,9.33,10.0,9.33,1,7.83,83.33
406,7.67,7.17,7.5,8.0,7.5,7.83,10.0,10.0,10.0,3,7.67,83.33
407,7.75,7.58,7.83,7.5,7.83,7.92,9.33,10.0,10.0,5,7.58,83.33
408,7.5,7.42,7.5,7.83,7.58,7.83,10.0,10.0,10.0,4,7.67,83.33
409,7.67,7.42,7.67,7.5,7.67,7.92,10.0,10.0,10.0,1,7.5,83.33
410,7.67,7.67,7.67,7.67,7.83,7.67,10.0,10.0,10.0,3,7.17,83.33
411,7.5,7.67,7.83,7.83,7.92,7.67,9.33,10.0,10.0,4,7.58,83.33
412,7.67,7.75,7.5,7.83,7.75,7.5,10.0,10.0,10.0,5,7.33,83.33
413,7.67,7.58,7.58,7.67,7.5,7.67,10.0,10.0,10.0,1,7.67,83.33
414,7.83,7.58,7.75,7.92,8.08,7.67,9.33,10.0,9.33,0,7.83,83.33
415,7.67,7.67,7.5,7.5,7.58,7.83,10.0,10.0,10.0,0,7.58,83.33
416,7.83,7.5,7.83,7.67,7.67,7.33,10.0,10.0,10.0,0,7.42,83.25
417,7.5,7.67,7.5,7.58,7.5,7.67,10.0,10.0,10.0,0,7.83,83.25
418,7.5,7.67,7.67,7.67,7.83,7.5,10.0,10.0,10.0,0,7.42,83.25
419,7.58,7.58,7.83,7.67,7.5,7.67,10.0,10.0,10.0,7,7.42,83.25
420,7.67,7.67,7.42,7.67,7.5,7.67,10.0,10.0,10.0,1,7.67,83.25
421,7.67,7.42,7.5,8.0,7.58,7.67,10.0,10.0,10.0,4,7.42,83.25
422,7.67,7.83,7.17,7.58,7.58,7.75,10.0,10.0,10.0,2,7.67,83.25
423,7.75,7.58,7.58,7.42,7.83,7.58,10.0,10.0,10.0,2,7.5,83.25
424,7.5,7.83,7.5,7.58,7.67,7.67,10.0,10.0,10.0,0,7.5,83.25
425,7.83,7.33,7.58,7.33,7.92,7.5,10.0,10.0,10.0,0,7.75,83.25
426,7.58,7.75,7.58,7.67,7.58,7.58,10.0,10.0,10.0,0,7.5,83.25
427,7.67,7.5,7.67,7.67,7.5,7.67,10.0,10.0,10.0,1,7.58,83.25
428,7.5,7.67,7.33,7.58,7.83,7.67,10.0,10.0,10.0,1,7.67,83.25
429,7.75,7.58,7.5,7.75,7.58,7.58,10.0,10.0,10.0,6,7.5,83.25
430,7.75,7.67,8.0,7.67,7.58,8.08,9.33,10.0,9.33,4,7.83,83.25
431,7.58,7.58,7.58,7.67,7.75,7.5,10.0,10.0,10.0,7,7.58,83.25
432,7.75,7.5,7.92,7.58,7.75,7.33,10.0,10.0,10.0,0,7.42,83.25
433,7.58,8.08,7.83,7.42,7.83,7.42,10.0,10.0,10.0,9,7.08,83.25
434,7.67,7.58,7.58,7.58,7.75,7.58,10.0,10.0,10.0,1,7.5,83.25
435,7.58,7.58,7.42,7.58,7.67,7.83,10.0,10.0,10.0,1,7.58,83.25
436,7.67,7.67,7.5,7.67,7.67,7.58,10.0,10.0,10.0,0,7.5,83.25
437,7.75,7.58,7.42,7.5,7.92,7.83,10.0,10.0,10.0,0,7.25,83.25
438,7.67,7.5,7.25,7.5,8.0,7.67,10.0,10.0,10.0,1,7.67,83.25
439,7.75,7.67,7.42,7.58,7.92,7.42,10.0,10.0,10.0,1,7.5,83.25
440,7.42,7.58,7.58,7.75,7.67,7.67,10.0,10.0,10.0,4,7.5,83.17
441,7.58,7.58,7.67,7.67,7.58,7.75,10.0,10.0,10.0,1,7.33,83.17
442,7.58,7.58,7.67,7.58,7.67,7.67,10.0,10.0,10.0,3,7.42,83.17
443,7.5,7.5,7.58,7.5,7.92,7.67,10.0,10.0,10.0,0,7.5,83.17
444,7.42,8.58,7.33,7.58,7.58,7.58,10.0,10.0,10.0,0,7.08,83.17
445,7.75,7.5,7.75,7.5,7.67,7.58,10.0,10.0,10.0,3,7.42,83.17
446,7.67,7.67,7.67,7.5,7.67,7.5,10.0,10.0,10.0,1,7.5,83.17
447,7.67,7.67,7.67,7.67,7.5,7.67,10.0,10.0,10.0,0,7.33,83.17
448,7.67,7.58,7.67,7.67,7.67,7.42,10.0,10.0,10.0,3,7.5,83.17
449,7.5,7.67,7.67,7.5,7.5,8.0,10.0,10.0,10.0,0,7.33,83.17
450,7.75,7.5,7.83,7.5,7.5,7.58,10.0,10.0,10.0,1,7.5,83.17
451,7.67,7.5,7.75,7.42,7.92,7.5,10.0,10.0,10.0,3,7.42,83.17
452,7.75,8.5,7.75,7.83,7.83,7.83,9.33,9.33,9.33,1,7.67,83.17
453,7.58,7.67,7.75,7.5,7.67,7.42,10.0,10.0,10.0,0,7.58,83.17
454,7.67,7.58,7.58,7.67,7.58,7.42,10.0,10.0,10.0,6,7.67,83.17
455,7.5,7.67,7.67,7.75,7.58,7.5,10.0,10.0,10.0,4,7.5,83.17
456,7.67,7.58,7.42,7.67,8.0,7.33,10.0,10.0,10.0,0,7.5,83.17
457,7.75,7.58,7.58,7.58,7.58,7.58,10.0,10.0,10.0,3,7.5,83.17
458,7.5,7.67,7.67,7.67,7.5,7.67,10.0,10.0,10.0,5,7.5,83.17
459,7.67,7.67,7.67,7.5,7.67,7.5,10.0,10.0,10.0,3,7.5,83.17
460,7.83,7.67,8.17,7.67,7.33,7.33,10.0,10.0,10.0,1,7.17,83.17
461,7.5,7.67,7.42,7.58,7.5,7.92,10.0,10.0,10.0,0,7.58,83.17
462,7.5,7.58,7.75,7.58,7.58,7.58,10.0,10.0,10.0,1,7.58,83.17
463,7.83,7.67,7.67,7.5,7.67,7.5,10.0,10.0,10.0,2,7.33,83.17
464,7.58,7.42,7.58,7.75,7.75,7.5,10.0,10.0,10.0,2,7.58,83.17
465,7.67,7.58,7.5,7.67,7.75,7.42,10.0,10.0,10.0,8,7.58,83.17
466,7.75,7.58,7.67,7.67,7.58,7.5,10.0,10.0,10.0,10,7.42,83.17
467,7.5,8.17,7.5,7.25,7.67,7.58,10.0,10.0,10.0,2,7.5,83.17
468,7.5,7.58,7.75,7.58,7.75,7.58,10.0,10.0,10.0,5,7.42,83.17
469,7.67,7.67,7.58,7.5,7.58,7.67,10.0,10.0,10.0,0,7.5,83.17
470,7.75,7.5,7.58,7.58,7.5,7.67,10.0,10.0,10.0,5,7.58,83.17
471,7.67,7.58,7.5,7.5,7.75,7.58,10.0,10.0,10.0,1,7.58,83.17
472,7.58,7.5,7.58,7.67,7.92,7.42,10.0,10.0,10.0,4,7.5,83.17
473,7.5,8.0,7.5,7.5,7.75,7.92,10.0,10.0,9.33,10,7.67,83.17
474,7.5,7.5,7.5,7.58,7.75,7.75,10.0,10.0,10.0,3,7.58,83.17
475,7.75,7.58,7.5,7.42,7.58,7.67,10.0,10.0,10.0,2,7.67,83.17
476,7.83,7.58,8.08,7.58,7.42,7.17,10.0,9.33,10.0,3,8.17,83.17
477,8.0,7.92,8.08,7.92,7.75,7.83,9.33,9.33,9.33,0,7.67,83.17
478,7.67,7.58,7.67,7.5,7.58,7.75,10.0,10.0,10.0,4,7.33,83.08
479,7.5,7.75,7.42,7.17,7.75,8.0,10.0,10.0,10.0,5,7.5,83.08
480,7.58,7.58,7.5,7.58,7.58,7.67,10.0,10.0,10.0,2,7.58,83.08
481,7.67,7.42,7.33,7.92,7.33,7.75,10.0,10.0,10.0,3,7.67,83.08
482,7.92,7.25,7.83,7.75,7.83,7.67,9.33,10.0,10.0,0,7.5,83.08
483,7.67,7.67,7.5,7.5,7.42,7.75,10.0,10.0,10.0,13,7.58,83.08
484,7.83,7.5,7.42,7.67,7.58,7.42,10.0,10.0,10.0,1,7.67,83.08
485,7.33,7.67,7.67,7.5,7.83,7.58,10.0,10.0,10.0,3,7.5,83.08
486,7.75,7.67,7.33,7.58,7.33,7.83,10.0,10.0,10.0,8,7.58,83.08
487,7.75,7.5,7.5,7.58,7.75,7.5,10.0,10.0,10.0,0,7.5,83.08
488,7.83,7.67,7.17,7.5,7.83,7.75,10.0,10.0,10.0,0,7.33,83.08
489,7.67,7.5,7.75,7.5,7.75,7.5,10.0,10.0,10.0,1,7.42,83.08
490,7.58,8.0,7.67,8.08,7.67,7.92,9.33,9.33,10.0,4,7.5,83.08
491,7.58,7.58,7.92,7.42,7.33,7.67,10.0,10.0,10.0,0,7.58,83.08
492,7.33,8.08,7.58,8.17,7.33,7.25,10.0,10.0,10.0,0,7.33,83.08
493,7.75,7.92,7.25,7.58,7.83,7.42,10.0,10.0,10.0,3,7.33,83.08
494,7.58,7.58,7.58,7.5,7.67,7.67,10.0,10.0,10.0,0,7.5,83.08
495,7.67,7.67,7.25,7.75,7.92,7.83,9.33,10.0,10.0,1,7.67,83.08
496,7.5,7.5,7.75,7.5,7.58,7.67,10.0,10.0,10.0,4,7.5,83.0
497,7.58,7.5,7.67,7.58,7.5,7.58,10.0,10.0,10.0,5,7.58,83.0
498,7.67,7.42,7.67,7.58,7.5,7.58,10.0,10.0,10.0,3,7.58,83.0
499,7.58,7.5,7.42,7.58,7.67,7.83,10.0,10.0,10.0,6,7.42,83.0
500,7.67,7.5,7.58,7.67,7.67,7.42,10.0,10.0,10.0,8,7.5,83.0
501,7.67,7.58,7.67,7.58,7.67,7.5,10.0,10.0,10.0,4,7.33,83.0
502,7.67,7.67,7.58,8.0,7.75,7.42,9.33,10.0,10.0,0,7.58,83.0
503,7.75,7.5,7.92,7.42,7.67,7.42,10.0,10.0,10.0,3,7.33,83.0
504,7.67,7.42,7.75,7.58,7.75,7.5,10.0,10.0,10.0,2,7.33,83.0
505,7.67,7.5,7.67,7.33,7.83,7.75,10.0,10.0,10.0,2,7.25,83.0
506,7.67,7.5,7.5,7.58,7.67,7.42,10.0,10.0,10.0,0,7.67,83.0
507,7.92,7.25,7.58,7.17,7.92,7.33,10.0,10.0,10.0,0,7.83,83.0
508,7.58,7.5,7.5,7.5,7.83,7.58,10.0,10.0,10.0,0,7.5,83.0
509,7.5,7.83,7.83,7.42,7.67,7.75,10.0,10.0,9.33,0,7.67,83.0
510,7.67,7.5,7.83,7.42,7.67,7.5,10.0,10.0,10.0,0,7.42,83.0
511,7.58,7.5,7.58,7.67,7.67,7.5,10.0,10.0,10.0,3,7.5,83.0
512,7.58,7.67,7.67,7.5,7.75,7.42,10.0,10.0,10.0,4,7.42,83.0
513,7.42,7.17,7.5,8.25,7.75,7.58,10.0,10.0,10.0,1,7.33,83.0
514,7.5,7.67,7.33,7.58,7.83,7.5,10.0,10.0,10.0,0,7.58,83.0
515,7.67,7.58,7.42,7.5,7.33,7.75,10.0,10.0,10.0,1,7.75,83.0
516,7.75,7.42,7.67,7.58,7.58,7.58,10.0,10.0,10.0,2,7.42,83.0
517,7.5,7.58,7.58,7.67,7.5,7.75,10.0,10.0,10.0,2,7.42,83.0
518,7.58,7.58,7.5,7.58,7.67,7.67,10.0,10.0,10.0,20,7.42,83.0
519,7.83,7.67,7.58,7.83,7.67,7.58,9.33,10.0,10.0,7,7.5,83.0
520,7.67,7.58,7.5,7.67,7.5,7.58,10.0,10.0,10.0,8,7.5,83.0
521,7.58,7.5,7.5,7.5,7.67,7.75,10.0,10.0,10.0,4,7.5,83.0
522,7.58,7.75,7.67,7.58,7.75,7.83,9.33,10.0,10.0,4,7.5,83.0
523,7.58,7.42,7.58,7.5,7.67,7.67,10.0,10.0,10.0,0,7.58,83.0
524,7.67,7.83,7.67,7.33,7.5,7.5,10.0,10.0,10.0,2,7.5,83.0
525,7.67,7.42,7.5,7.5,7.67,7.67,10.0,10.0,10.0,0,7.58,83.0
526,7.67,7.67,7.5,7.5,7.33,7.75,10.0,10.0,10.0,0,7.58,83.0
527,7.67,7.92,7.33,7.58,7.33,7.58,10.0,10.0,10.0,1,7.58,83.0
528,7.83,7.83,7.83,8.08,7.83,7.92,9.33,9.33,9.33,0,7.67,83.0
529,7.58,7.67,7.58,7.67,7.5,7.58,10.0,10.0,10.0,1,7.42,83.0
530,7.58,7.58,7.67,7.42,7.5,7.58,10.0,10.0,10.0,2,7.67,83.0
531,7.83,8.08,7.92,7.92,7.58,7.92,9.33,9.33,9.33,0,7.75,83.0
532,7.25,7.5,7.75,7.42,7.5,8.17,10.0,10.0,10.0,0,7.42,83.0
533,7.58,7.5,7.58,7.5,7.67,7.58,10.0,10.0,10.0,0,7.5,82.92
534,7.5,7.83,7.58,7.5,7.5,7.92,10.0,10.0,9.33,1,7.75,82.92
535,7.67,7.58,7.33,7.58,7.58,7.67,10.0,10.0,10.0,1,7.5,82.92
536,7.83,7.58,7.67,7.75,7.17,7.67,10.0,10.0,10.0,0,7.25,82.92
537,7.58,7.58,7.5,7.58,7.58,7.58,10.0,10.0,10.0,20,7.5,82.92
538,7.58,7.75,7.33,7.58,7.5,7.5,10.0,10.0,10.0,9,7.67,82.92
539,7.58,7.5,7.58,7.5,7.58,7.5,10.0,10.0,10.0,1,7.67,82.92
540,7.5,7.5,7.42,7.42,8.08,7.33,10.0,10.0,10.0,0,7.67,82.92
541,7.67,7.5,7.58,7.58,7.83,7.5,10.0,10.0,10.0,3,7.25,82.92
542,7.67,7.5,7.42,7.42,7.75,7.75,10.0,10.0,10.0,8,7.42,82.92
543,7.5,7.67,7.83,7.58,7.08,7.75,10.0,10.0,10.0,16,7.5,82.92
544,7.5,7.42,7.58,7.58,8.0,7.33,10.0,10.0,10.0,0,7.5,82.92
545,7.58,7.5,7.5,7.5,7.75,7.5,10.0,10.0,10.0,4,7.58,82.92
546,7.5,7.5,7.58,7.5,7.75,7.67,10.0,10.0,10.0,1,7.42,82.92
547,7.83,7.5,7.5,7.67,7.67,7.33,10.0,10.0,10.0,2,7.42,82.92
548,7.58,7.58,7.58,7.75,7.58,7.58,10.0,10.0,10.0,4,7.25,82.92
549,7.5,7.58,7.33,7.58,7.58,7.58,10.0,10.0,10.0,2,7.75,82.92
550,7.5,7.5,7.5,7.67,7.75,7.75,10.0,10.0,10.0,0,7.25,82.92
551,7.75,7.17,7.92,7.5,7.83,7.5,10.0,10.0,10.0,2,7.25,82.92
552,7.67,7.58,7.42,7.5,7.83,7.5,10.0,10.0,10.0,5,7.42,82.92
553,7.58,7.75,7.25,7.83,7.58,7.58,10.0,10.0,10.0,4,7.33,82.92
554,7.33,7.42,7.58,7.67,7.67,8.08,10.0,10.0,10.0,17,7.17,82.92
555,7.92,7.42,7.17,7.75,8.0,7.67,9.33,10.0,10.0,4,7.67,82.92
556,7.5,7.83,7.42,7.5,7.5,7.67,10.0,10.0,10.0,0,7.5,82.92
557,7.75,7.83,7.75,7.67,7.5,7.08,10.0,10.0,10.0,0,7.33,82.92
558,7.58,8.0,7.17,7.75,7.42,7.5,10.0,10.0,10.0,0,7.5,82.92
559,7.58,7.5,7.58,7.5,7.75,7.5,10.0,10.0,10.0,3,7.42,82.83
560,7.58,7.58,7.67,7.58,7.5,7.58,10.0,10.0,10.0,2,7.33,82.83
561,7.58,7.42,7.5,7.58,7.67,7.5,10.0,10.0,10.0,2,7.58,82.83
562,7.67,7.67,7.83,7.33,7.33,7.33,10.0,10.0,10.0,4,7.67,82.83
563,7.92,7.75,7.83,8.0,7.83,7.75,9.33,9.33,9.33,0,7.75,82.83
564,7.58,7.42,7.42,7.92,7.25,7.75,10.0,10.0,10.0,0,7.5,82.83
565,7.58,7.5,7.67,7.5,7.58,7.67,10.0,10.0,10.0,2,7.33,82.83
566,7.83,7.33,7.67,7.67,7.58,7.42,10.0,10.0,10.0,6,7.33,82.83
567,7.67,7.67,7.58,7.08,7.83,7.5,10.0,10.0,10.0,1,7.5,82.83
568,7.58,7.75,7.5,7.58,7.42,7.75,10.0,10.0,10.0,9,7.25,82.83
569,7.67,7.17,7.67,7.5,7.67,7.42,10.0,10.0,10.0,4,7.75,82.83
570,7.42,7.58,7.5,7.67,7.5,7.58,10.0,10.0,10.0,4,7.58,82.83
571,7.5,7.5,7.42,7.58,7.83,7.5,10.0,10.0,10.0,3,7.5,82.83
572,7.5,7.75,7.25,7.75,7.67,7.58,10.0,10.0,10.0,5,7.33,82.83
573,7.67,7.5,7.58,7.5,7.58,7.5,10.0,10.0,10.0,10,7.5,82.83
574,7.58,7.42,7.75,7.58,7.67,7.42,10.0,10.0,10.0,7,7.42,82.83
575,7.67,7.92,7.5,7.42,7.67,7.33,10.0,10.0,10.0,10,7.33,82.83
576,7.58,7.58,7.42,7.5,7.58,7.67,10.0,10.0,10.0,2,7.5,82.83
577,7.58,7.5,7.75,7.25,7.75,7.25,10.0,10.0,10.0,3,7.75,82.83
578,7.58,7.5,7.67,7.5,7.5,7.58,10.0,10.0,10.0,3,7.42,82.75
579,7.67,7.42,7.58,7.5,7.58,7.5,10.0,10.0,10.0,8,7.5,82.75
580,7.67,7.58,7.67,7.5,7.5,7.67,10.0,10.0,10.0,4,7.17,82.75
581,7.5,7.5,7.58,7.58,7.5,7.67,10.0,10.0,10.0,1,7.42,82.75
582,7.58,7.5,7.67,7.67,7.42,7.5,10.0,10.0,10.0,1,7.42,82.75
583,7.58,7.5,7.58,7.58,7.5,7.58,10.0,10.0,10.0,15,7.42,82.75
584,7.58,7.67,7.58,7.67,7.58,7.33,10.0,10.0,10.0,0,7.33,82.75
585,7.67,7.67,7.67,7.67,7.83,7.58,9.33,10.0,10.0,0,7.33,82.75
586,7.67,7.67,7.33,7.67,7.67,7.58,10.0,10.0,10.0,4,7.17,82.75
587,7.5,7.5,7.67,7.67,7.58,7.42,10.0,10.0,10.0,1,7.42,82.75
588,7.5,7.5,7.58,7.67,7.58,7.5,10.0,10.0,10.0,6,7.42,82.75
589,7.5,7.58,7.5,7.5,7.5,7.58,10.0,10.0,10.0,1,7.58,82.75
590,7.5,7.67,7.33,7.58,7.67,7.67,10.0,10.0,10.0,0,7.33,82.75
591,7.67,7.5,7.67,7.5,7.5,7.5,10.0,10.0,10.0,2,7.42,82.75
592,7.58,7.5,7.75,7.5,7.5,7.33,10.0,10.0,10.0,2,7.58,82.75
593,7.58,7.5,7.5,7.67,7.75,7.33,10.0,10.0,10.0,0,7.42,82.75
594,7.42,7.67,7.75,7.42,7.75,7.5,10.0,10.0,10.0,2,7.25,82.75
595,7.42,7.67,7.58,7.67,7.67,7.33,10.0,10.0,10.0,0,7.42,82.75
596,7.58,7.5,7.83,7.42,7.67,7.33,10.0,10.0,10.0,0,7.42,82.75
597,7.83,8.0,7.75,7.75,7.58,7.42,9.33,9.33,10.0,0,7.75,82.75
598,7.33,8.58,7.33,7.5,7.58,7.25,10.0,10.0,10.0,2,7.17,82.75
599,7.58,7.5,7.5,7.58,7.58,7.5,10.0,10.0,10.0,6,7.5,82.75
600,7.58,7.58,7.75,7.67,7.58,7.25,10.0,10.0,10.0,0,7.33,82.75
601,8.17,7.92,8.0,8.08,8.08,7.83,6.67,10.0,10.0,4,8.0,82.75
602,7.58,7.58,7.67,7.5,7.5,7.5,10.0,10.0,10.0,0,7.42,82.75
603,7.58,7.42,7.58,7.42,7.67,7.5,10.0,10.0,10.0,3,7.58,82.75
604,7.75,7.67,7.83,7.75,7.25,7.67,9.33,10.0,10.0,0,7.5,82.75
605,7.42,7.75,7.58,7.58,7.42,7.5,10.0,10.0,10.0,4,7.5,82.75
606,7.67,7.42,7.83,7.42,7.75,7.17,10.0,10.0,10.0,2,7.5,82.75
607,7.58,7.5,7.75,7.5,7.5,7.58,10.0,10.0,10.0,4,7.25,82.67
608,7.58,7.42,7.67,7.5,7.5,7.5,10.0,10.0,10.0,3,7.5,82.67
609,7.67,7.5,7.42,7.58,7.67,7.42,10.0,10.0,10.0,0,7.42,82.67
610,7.67,7.67,7.67,7.5,7.67,7.5,10.0,10.0,9.33,7,7.67,82.67
611,7.67,7.17,7.75,7.75,7.5,7.42,10.0,10.0,10.0,3,7.42,82.67
612,7.5,7.75,7.58,7.42,7.75,7.33,10.0,10.0,10.0,9,7.33,82.67
613,7.5,7.5,7.67,7.5,7.58,7.5,10.0,10.0,10.0,0,7.42,82.67
614,7.5,7.5,7.58,7.5,7.33,7.67,10.0,10.0,10.0,9,7.58,82.67
615,7.5,7.58,7.5,7.58,7.5,7.5,10.0,10.0,10.0,0,7.5,82.67
616,7.5,7.58,7.58,7.58,7.58,7.33,10.0,10.0,10.0,4,7.5,82.67
617,7.83,7.25,7.42,7.08,8.0,7.25,10.0,10.0,10.0,0,7.83,82.67
618,7.58,7.5,7.5,7.58,7.67,7.42,10.0,10.0,10.0,0,7.42,82.67
619,7.5,7.5,7.67,7.5,7.67,7.5,10.0,10.0,10.0,0,7.33,82.67
620,7.5,7.5,7.5,7.5,7.67,7.5,10.0,10.0,10.0,0,7.5,82.67
621,7.5,7.5,7.67,7.5,7.42,7.58,10.0,10.0,10.0,0,7.5,82.67
622,7.58,7.42,7.25,7.42,7.75,7.58,10.0,10.0,10.0,3,7.67,82.67
623,8.0,7.58,6.75,7.67,7.92,7.92,10.0,10.0,9.33,17,7.5,82.67
624,7.67,7.5,7.67,7.5,7.67,7.5,10.0,10.0,10.0,0,7.17,82.67
625,7.33,7.83,7.33,7.58,7.83,7.58,10.0,10.0,9.33,0,7.83,82.67
626,7.58,7.5,7.58,7.58,7.58,7.42,10.0,10.0,10.0,2,7.42,82.67
627,7.58,7.42,7.58,7.58,7.5,7.42,10.0,10.0,10.0,0,7.58,82.67
628,7.58,7.67,7.42,7.58,7.33,7.67,10.0,10.0,10.0,0,7.42,82.67
629,7.67,7.58,7.67,7.58,7.83,7.5,10.0,10.0,9.33,0,7.5,82.67
630,7.58,7.58,7.75,7.08,7.75,7.67,10.0,10.0,10.0,1,7.25,82.67
631,7.67,7.17,7.33,7.42,8.08,7.33,10.0,10.0,10.0,3,7.67,82.67
632,7.42,7.83,7.33,7.58,7.5,7.67,10.0,10.0,10.0,2,7.33,82.67
633,7.42,7.5,7.75,7.5,7.5,7.5,10.0,10.0,10.0,2,7.42,82.58
634,7.42,7.5,7.42,7.5,7.67,7.58,10.0,10.0,10.0,0,7.5,82.58
635,7.58,7.33,7.5,7.5,7.5,7.75,10.0,10.0,10.0,7,7.42,82.58
636,7.25,7.0,7.08,10.0,7.25,7.0,10.0,10.0,10.0,0,7.0,82.58
637,7.42,7.67,7.33,8.0,7.42,7.25,10.0,10.0,10.0,2,7.5,82.58
638,7.58,7.5,7.33,7.5,7.83,7.42,10.0,10.0,10.0,6,7.42,82.58
639,7.33,7.5,7.67,7.5,7.75,7.42,10.0,10.0,10.0,0,7.42,82.58
640,7.58,7.5,7.42,7.5,7.42,7.58,10.0,10.0,10.0,1,7.58,82.58
641,7.42,7.5,7.5,7.5,7.75,7.58,10.0,10.0,10.0,1,7.33,82.58
642,7.5,7.42,7.58,7.42,7.83,7.42,10.0,10.0,10.0,0,7.42,82.58
643,7.42,7.75,7.67,7.58,7.67,7.0,10.0,10.0,10.0,3,7.5,82.58
644,7.58,7.67,7.75,7.58,7.58,7.67,9.33,10.0,10.0,11,7.42,82.58
645,7.58,7.58,7.58,7.5,7.5,7.42,10.0,10.0,10.0,4,7.42,82.58
646,7.25,7.83,7.42,7.5,7.75,7.5,10.0,10.0,10.0,3,7.33,82.58
647,7.5,7.58,7.25,7.42,7.75,7.33,10.0,10.0,10.0,3,7.75,82.58
648,7.5,7.42,7.58,7.42,7.58,7.67,10.0,10.0,10.0,0,7.42,82.58
649,7.58,7.5,7.5,7.58,7.5,7.42,10.0,10.0,10.0,6,7.5,82.58
650,7.58,6.83,7.75,7.5,7.67,7.67,10.0,10.0,10.0,0,7.58,82.58
651,7.42,7.5,7.42,7.67,7.33,7.67,10.0,10.0,10.0,2,7.58,82.58
652,7.5,7.5,7.75,7.42,7.58,7.5,10.0,10.0,10.0,4,7.33,82.58
653,7.5,7.5,7.5,7.42,7.5,7.58,10.0,10.0,10.0,4,7.5,82.5
654,7.75,7.33,7.5,7.42,7.83,7.42,10.0,10.0,10.0,5,7.25,82.5
655,7.58,7.5,7.5,7.5,7.58,7.5,10.0,10.0,10.0,4,7.33,82.5
656,7.5,7.5,7.5,7.5,7.5,7.67,10.0,10.0,10.0,2,7.33,82.5
657,7.83,7.42,7.75,7.83,7.5,7.33,9.33,10.0,10.0,0,7.5,82.5
658,7.5,7.5,7.5,7.5,7.33,7.67,10.0,10.0,10.0,0,7.5,82.5
659,7.42,7.5,7.58,7.5,7.67,7.5,10.0,10.0,10.0,1,7.33,82.5
660,7.0,7.58,7.58,7.58,7.75,7.58,10.0,10.0,10.0,3,7.42,82.5
661,7.58,7.5,7.67,7.58,7.42,7.25,10.0,10.0,10.0,1,7.5,82.5
662,7.5,7.67,7.33,7.5,7.42,7.42,10.0,10.0,10.0,0,7.67,82.5
663,7.42,7.5,7.67,7.33,7.83,7.42,10.0,10.0,10.0,4,7.33,82.5
664,7.5,7.58,7.42,7.5,7.5,7.58,10.0,10.0,10.0,1,7.42,82.5
665,7.67,7.67,7.33,7.33,7.83,7.5,10.0,10.0,10.0,0,7.17,82.5
666,7.58,7.42,7.5,7.58,7.5,7.42,10.0,10.0,10.0,10,7.5,82.5
667,7.5,7.33,7.67,7.5,7.67,7.5,10.0,10.0,10.0,5,7.33,82.5
668,7.5,7.42,7.58,7.5,7.92,7.25,10.0,10.0,10.0,2,7.33,82.5
669,7.33,7.83,7.33,7.5,7.67,7.5,10.0,10.0,10.0,5,7.33,82.5
670,7.42,7.5,7.67,7.42,7.67,7.5,10.0,10.0,10.0,4,7.33,82.5
671,7.5,7.67,7.5,7.58,7.67,7.25,10.0,10.0,10.0,3,7.33,82.5
672,7.42,7.67,7.75,7.58,7.33,7.42,10.0,10.0,10.0,3,7.33,82.5
673,7.58,7.58,7.67,7.33,7.75,7.58,9.33,10.0,10.0,14,7.67,82.5
674,7.67,7.5,7.58,7.5,7.42,7.58,10.0,10.0,10.0,6,7.17,82.42
675,7.5,7.5,7.75,7.42,7.58,7.33,10.0,10.0,10.0,2,7.33,82.42
676,7.58,7.33,7.67,7.5,7.67,7.42,10.0,10.0,10.0,0,7.25,82.42
677,7.5,7.5,7.67,7.42,7.58,7.5,10.0,10.0,10.0,0,7.25,82.42
678,7.42,7.5,7.75,7.5,7.5,7.67,10.0,10.0,10.0,3,7.08,82.42
679,7.75,8.08,7.75,8.08,5.08,7.83,10.0,10.0,10.0,1,7.83,82.42
680,7.42,7.42,7.5,7.58,7.67,7.42,10.0,10.0,10.0,0,7.42,82.42
681,7.5,7.42,7.5,8.0,7.42,7.25,10.0,10.0,10.0,0,7.33,82.42
682,7.25,7.42,7.42,7.58,7.67,7.67,10.0,10.0,10.0,7,7.42,82.42
683,7.83,7.42,7.5,7.42,7.17,7.75,10.0,10.0,10.0,0,7.33,82.42
684,7.5,7.5,7.67,7.33,7.5,7.42,10.0,10.0,10.0,0,7.5,82.42
685,7.5,7.5,7.58,7.58,7.42,7.42,10.0,10.0,10.0,0,7.42,82.42
686,7.67,7.42,7.5,7.42,7.58,7.5,10.0,10.0,10.0,1,7.33,82.42
687,7.58,7.58,7.75,7.5,7.58,7.5,9.33,10.0,10.0,3,7.58,82.42
688,7.33,7.5,7.5,8.17,7.25,7.42,10.0,10.0,10.0,0,7.25,82.42
689,7.58,7.67,7.92,7.5,7.5,7.42,9.33,10.0,10.0,0,7.5,82.42
690,7.67,7.5,7.17,7.67,7.25,7.75,10.0,10.0,10.0,2,7.42,82.42
691,7.42,7.5,7.5,7.42,7.67,7.58,10.0,10.0,10.0,9,7.33,82.42
692,7.42,7.58,7.67,7.42,7.5,7.42,10.0,10.0,10.0,5,7.42,82.42
693,7.58,7.5,7.42,7.42,7.42,7.58,10.0,10.0,10.0,2,7.5,82.42
694,7.58,7.5,7.58,7.5,7.42,7.5,10.0,10.0,10.0,9,7.33,82.42
695,7.33,7.33,7.58,7.58,7.75,7.58,10.0,10.0,10.0,1,7.25,82.42
696,7.58,7.5,7.5,7.5,7.5,7.5,10.0,10.0,10.0,0,7.33,82.42
697,7.58,7.5,7.5,7.58,7.58,7.5,10.0,10.0,10.0,6,7.17,82.42
698,7.33,7.5,7.58,7.58,7.58,7.5,10.0,10.0,10.0,0,7.33,82.42
699,7.58,7.33,7.42,7.5,7.67,7.58,10.0,10.0,10.0,4,7.33,82.42
700,7.5,7.33,7.67,7.5,7.83,7.17,10.0,10.0,10.0,0,7.42,82.42
701,7.33,7.67,7.42,7.58,7.67,7.5,10.0,10.0,10.0,2,7.25,82.42
702,7.5,7.42,7.42,7.42,7.75,7.5,10.0,10.0,10.0,2,7.42,82.42
703,7.58,7.58,7.58,7.75,7.33,7.42,10.0,10.0,10.0,2,7.17,82.42
704,7.25,7.83,7.25,7.5,7.58,7.58,10.0,10.0,10.0,1,7.42,82.42
705,7.58,7.42,7.5,7.58,7.5,7.42,10.0,10.0,10.0,8,7.33,82.33
706,7.5,7.5,7.33,7.67,7.33,7.5,10.0,10.0,10.0,11,7.5,82.33
707,7.42,7.58,7.5,7.5,7.42,7.5,10.0,10.0,10.0,14,7.42,82.33
708,7.5,7.5,7.5,7.5,7.5,7.42,10.0,10.0,10.0,3,7.42,82.33
709,7.5,7.67,7.25,7.5,7.75,7.42,10.0,10.0,10.0,3,7.25,82.33
710,7.33,7.58,7.5,7.33,7.75,7.33,10.0,10.0,10.0,0,7.5,82.33
711,7.58,7.42,7.5,7.5,7.5,7.42,10.0,10.0,10.0,2,7.42,82.33
712,7.83,8.08,8.33,7.75,8.25,8.17,10.0,6.67,10.0,0,7.25,82.33
713,7.5,7.58,7.42,7.42,7.42,7.5,10.0,10.0,10.0,10,7.5,82.33
714,7.42,7.5,7.83,7.42,7.5,7.5,10.0,10.0,10.0,6,7.17,82.33
715,7.58,7.5,7.58,7.58,7.33,7.33,10.0,10.0,10.0,0,7.42,82.33
716,8.08,8.0,8.08,8.0,7.75,8.08,10.0,10.0,6.67,0,7.67,82.33
717,7.67,7.5,7.58,7.42,7.58,7.75,9.33,10.0,10.0,3,7.5,82.33
718,7.58,7.5,7.5,7.5,7.33,7.5,10.0,10.0,10.0,0,7.42,82.33
719,7.33,8.33,7.17,7.5,7.42,7.08,10.0,10.0,10.0,2,7.5,82.33
720,7.5,7.5,7.5,7.33,7.5,7.5,10.0,10.0,10.0,0,7.5,82.33
721,7.5,7.5,7.5,7.33,7.5,7.5,10.0,10.0,10.0,0,7.5,82.33
722,7.42,7.58,7.5,7.25,7.5,7.5,10.0,10.0,10.0,1,7.58,82.33
723,7.42,7.58,7.5,7.33,7.5,7.5,10.0,10.0,10.0,1,7.5,82.33
724,7.5,7.42,7.5,7.42,7.67,7.42,10.0,10.0,10.0,3,7.42,82.33
725,7.58,7.58,7.75,7.67,7.92,7.92,9.33,9.33,10.0,14,7.25,82.33
726,7.5,7.33,7.67,7.33,7.67,7.5,10.0,10.0,10.0,3,7.33,82.33
727,7.67,7.58,7.33,7.58,7.58,7.0,10.0,10.0,10.0,8,7.58,82.33
728,7.58,7.5,7.58,7.0,7.67,7.5,10.0,10.0,10.0,9,7.5,82.33
729,7.67,7.5,7.5,7.5,7.5,7.33,10.0,10.0,10.0,5,7.33,82.33
730,7.5,7.42,7.5,7.42,7.58,7.5,10.0,10.0,10.0,2,7.42,82.33
731,7.75,7.67,7.33,7.83,8.0,7.08,9.33,10.0,10.0,0,7.33,82.33
732,7.58,7.5,7.58,7.42,7.58,7.42,10.0,10.0,10.0,2,7.25,82.33
733,7.58,7.42,7.25,7.33,7.83,7.58,10.0,10.0,10.0,0,7.33,82.33
734,7.5,7.33,7.42,7.5,7.58,7.67,10.0,10.0,10.0,10,7.25,82.25
735,7.08,7.0,7.17,10.0,7.0,7.0,10.0,10.0,10.0,0,7.0,82.25
736,7.5,7.42,7.67,7.33,7.67,7.42,10.0,10.0,10.0,2,7.25,82.25
737,7.67,7.42,7.08,7.67,7.42,7.5,10.0,10.0,10.0,9,7.5,82.25
738,7.67,8.42,7.67,7.58,7.58,7.83,9.33,9.33,9.33,0,7.5,82.25
739,7.5,7.42,7.58,7.33,7.58,7.42,10.0,10.0,10.0,2,7.42,82.25
740,7.42,7.5,7.42,7.42,7.58,7.58,10.0,10.0,10.0,0,7.33,82.25
741,7.58,7.33,7.42,7.42,7.75,7.33,10.0,10.0,10.0,0,7.42,82.25
742,7.5,7.5,7.5,7.25,7.5,7.5,10.0,10.0,10.0,0,7.5,82.25
743,7.58,7.42,7.42,7.42,7.58,7.42,10.0,10.0,10.0,4,7.42,82.25
744,7.42,7.42,7.67,7.42,7.33,7.5,10.0,10.0,10.0,1,7.5,82.25
745,7.58,7.42,7.17,7.58,7.58,7.42,10.0,10.0,10.0,8,7.5,82.25
746,7.5,7.33,7.58,7.33,7.5,7.67,10.0,10.0,10.0,2,7.33,82.25
747,7.58,7.42,7.67,7.33,7.5,7.33,10.0,10.0,10.0,3,7.42,82.25
748,7.58,7.42,7.5,7.33,7.67,7.42,10.0,10.0,10.0,13,7.33,82.25
749,7.33,7.5,7.5,7.33,7.75,7.5,10.0,10.0,10.0,5,7.33,82.25
750,7.58,7.5,7.67,7.42,7.33,7.33,10.0,10.0,10.0,0,7.42,82.25
751,7.5,7.5,7.58,7.42,7.42,7.42,10.0,10.0,10.0,3,7.42,82.25
752,7.42,7.33,7.33,7.42,7.5,7.58,10.0,10.0,10.0,1,7.67,82.25
753,7.33,7.5,7.33,7.58,7.67,7.5,10.0,10.0,10.0,0,7.33,82.25
754,7.58,7.58,7.0,7.5,7.67,7.5,10.0,10.0,10.0,1,7.42,82.25
755,7.25,7.67,7.25,7.75,7.17,7.58,10.0,10.0,10.0,2,7.58,82.25
756,7.42,7.5,7.42,7.5,7.42,7.42,10.0,10.0,10.0,5,7.5,82.17
757,7.5,7.5,7.42,7.58,7.5,7.5,10.0,10.0,10.0,2,7.17,82.17
758,7.5,7.42,7.42,7.5,7.5,7.5,10.0,10.0,10.0,1,7.33,82.17
759,7.42,7.42,7.33,7.5,7.58,7.5,10.0,10.0,10.0,6,7.42,82.17
760,7.42,7.33,7.5,7.58,7.42,7.5,10.0,10.0,10.0,1,7.42,82.17
761,7.58,7.5,7.33,7.58,6.92,7.83,10.0,10.0,10.0,1,7.42,82.17
762,7.42,7.67,7.75,7.5,7.42,7.25,10.0,10.0,10.0,0,7.17,82.17
763,7.5,7.42,7.42,7.33,7.67,7.58,10.0,10.0,10.0,2,7.25,82.17
764,7.42,7.5,7.5,7.42,7.42,7.42,10.0,10.0,10.0,4,7.5,82.17
765,7.5,7.42,7.25,7.5,7.58,7.5,10.0,10.0,10.0,1,7.42,82.17
766,7.42,7.42,7.58,7.25,7.75,7.33,10.0,10.0,10.0,1,7.42,82.17
767,7.33,8.17,7.42,7.33,7.42,7.33,10.0,10.0,10.0,0,7.17,82.17
768,7.5,7.42,7.42,7.5,7.5,7.5,10.0,10.0,10.0,1,7.33,82.17
769,7.5,7.5,7.5,7.17,7.5,7.5,10.0,10.0,10.0,0,7.5,82.17
770,7.5,7.58,7.17,7.58,7.67,7.17,10.0,10.0,10.0,0,7.5,82.17
771,7.25,7.5,7.58,7.5,7.33,7.75,10.0,10.0,10.0,1,7.25,82.17
772,7.67,7.5,7.5,7.67,7.5,7.33,10.0,10.0,10.0,9,7.0,82.17
773,7.75,7.75,7.75,7.17,7.25,8.17,10.0,10.0,9.33,2,7.0,82.17
774,7.58,7.33,7.5,7.5,7.5,7.5,10.0,10.0,10.0,4,7.25,82.17
775,7.67,7.5,7.5,7.58,7.0,7.42,10.0,10.0,10.0,1,7.5,82.17
776,7.67,7.75,7.17,7.42,7.58,7.17,10.0,10.0,10.0,0,7.42,82.17
777,7.5,7.42,7.42,7.33,7.5,7.5,10.0,10.0,10.0,3,7.42,82.08
778,7.58,7.58,7.67,7.58,7.75,7.83,9.33,9.33,10.0,6,7.42,82.08
779,7.58,7.25,7.5,7.5,7.42,7.42,10.0,10.0,10.0,3,7.42,82.08
780,7.25,7.92,7.58,7.25,7.25,7.25,10.0,10.0,10.0,1,7.58,82.08
781,7.42,7.42,7.25,7.67,7.75,7.17,10.0,10.0,10.0,0,7.42,82.08
782,7.33,7.58,7.42,7.42,7.42,7.5,10.0,10.0,10.0,5,7.42,82.08
783,7.5,7.5,7.33,7.5,7.42,7.33,10.0,10.0,10.0,3,7.5,82.08
784,7.42,7.42,7.42,7.25,7.5,7.67,10.0,10.0,10.0,0,7.42,82.08
785,7.33,7.67,7.33,7.33,7.58,7.5,10.0,10.0,10.0,2,7.33,82.08
786,7.58,7.42,7.25,7.5,7.25,7.5,10.0,10.0,10.0,0,7.58,82.08
787,7.58,7.42,7.33,7.42,7.42,7.42,10.0,10.0,10.0,7,7.5,82.08
788,7.42,7.5,7.5,7.5,7.5,7.25,10.0,10.0,10.0,13,7.42,82.08
789,7.5,7.33,7.58,7.33,7.67,7.42,10.0,10.0,10.0,11,7.25,82.08
790,8.0,7.08,7.08,7.42,7.67,7.67,10.0,10.0,10.0,2,7.17,82.08
791,7.42,7.42,7.75,7.33,7.58,7.33,10.0,10.0,10.0,1,7.25,82.08
792,7.5,7.83,7.58,7.42,7.33,7.08,10.0,10.0,10.0,2,7.33,82.08
793,7.42,7.58,7.33,7.17,7.67,7.25,10.0,10.0,10.0,5,7.67,82.08
794,7.5,7.42,7.5,7.42,7.5,7.5,10.0,10.0,10.0,1,7.17,82.0
795,7.5,7.5,7.33,7.5,7.5,7.42,10.0,10.0,10.0,7,7.25,82.0
796,7.33,7.42,7.5,7.5,7.5,7.33,10.0,10.0,10.0,3,7.42,82.0
797,7.33,7.42,7.42,7.42,7.67,7.42,10.0,10.0,10.0,20,7.33,82.0
798,7.5,7.5,7.33,7.5,7.42,7.5,10.0,10.0,10.0,0,7.25,82.0
799,7.42,7.42,7.58,7.5,7.42,7.33,10.0,10.0,10.0,3,7.33,82.0
800,7.42,7.5,7.58,7.33,7.5,7.33,10.0,10.0,10.0,1,7.33,82.0
801,7.5,7.33,7.42,7.75,7.33,7.5,10.0,10.0,10.0,0,7.17,82.0
802,7.5,7.42,7.42,7.33,7.58,7.33,10.0,10.0,10.0,0,7.42,82.0
803,7.25,7.5,7.33,7.33,7.5,7.75,10.0,10.0,10.0,4,7.33,82.0
804,7.33,7.83,7.5,7.17,7.33,7.5,10.0,10.0,10.0,5,7.33,82.0
805,7.33,7.58,7.5,7.17,7.33,7.5,10.0,10.0,10.0,1,7.58,82.0
806,7.58,7.5,7.42,7.42,7.42,8.0,9.33,10.0,10.0,0,7.33,82.0
807,7.67,7.42,7.17,7.67,7.33,7.33,10.0,10.0,10.0,0,7.42,82.0
808,7.33,7.42,7.5,7.42,7.67,7.42,10.0,10.0,10.0,1,7.25,82.0
809,7.5,7.5,7.5,7.42,7.42,7.33,10.0,10.0,10.0,1,7.33,82.0
810,7.5,7.42,7.5,7.42,7.42,7.5,10.0,10.0,10.0,1,7.25,82.0
811,7.33,7.67,7.5,7.17,7.33,7.67,10.0,10.0,10.0,3,7.33,82.0
812,7.5,7.42,7.5,7.33,7.58,7.5,10.0,10.0,10.0,2,7.17,82.0
813,7.33,7.67,7.42,7.42,7.75,7.75,10.0,10.0,9.33,10,7.33,82.0
814,7.0,7.67,7.42,8.0,7.33,7.5,10.0,10.0,10.0,2,7.08,82.0
815,7.5,7.5,7.58,7.58,7.58,7.58,9.33,10.0,10.0,1,7.25,81.92
816,7.5,7.42,7.42,7.42,7.5,7.42,10.0,10.0,10.0,0,7.25,81.92
817,7.5,7.5,7.33,7.33,7.58,7.42,10.0,10.0,10.0,1,7.25,81.92
818,7.33,7.33,7.5,7.5,7.42,7.5,10.0,10.0,10.0,4,7.33,81.92
819,7.58,7.67,7.5,7.33,7.67,7.5,10.0,10.0,9.33,2,7.33,81.92
820,7.58,7.33,7.83,7.25,7.58,7.17,10.0,10.0,10.0,7,7.17,81.92
821,7.33,7.58,7.42,7.42,7.33,7.5,10.0,10.0,10.0,4,7.33,81.92
822,7.42,7.67,7.17,7.33,7.58,7.5,10.0,10.0,10.0,4,7.25,81.92
823,7.08,7.42,7.33,7.25,7.67,7.75,10.0,10.0,10.0,3,7.42,81.92
824,7.33,7.5,7.58,7.42,7.42,7.33,10.0,10.0,10.0,0,7.33,81.92
825,7.5,7.5,7.25,7.25,7.5,7.5,10.0,10.0,10.0,0,7.42,81.92
826,7.5,7.25,7.58,7.25,7.58,7.5,10.0,10.0,10.0,6,7.25,81.92
827,7.5,7.5,7.25,7.42,7.5,7.5,10.0,10.0,10.0,7,7.25,81.92
828,7.42,7.33,7.5,7.58,7.5,7.33,10.0,10.0,10.0,8,7.25,81.92
829,7.58,7.33,7.58,7.5,7.33,7.42,10.0,10.0,10.0,4,7.17,81.92
830,7.42,7.5,7.83,7.33,7.67,7.5,9.33,10.0,10.0,0,7.33,81.92
831,7.58,7.5,7.5,7.33,7.42,7.33,10.0,10.0,10.0,3,7.25,81.92
832,7.33,7.33,7.58,7.33,7.67,7.33,10.0,10.0,10.0,1,7.33,81.92
833,7.5,7.42,7.5,7.42,7.42,7.33,10.0,10.0,10.0,1,7.25,81.83
834,7.33,7.42,7.33,7.33,7.25,7.67,10.0,10.0,10.0,4,7.5,81.83
835,7.5,7.25,7.5,7.33,7.42,7.42,10.0,10.0,10.0,3,7.42,81.83
836,7.83,7.83,7.75,5.17,7.75,7.92,10.0,10.0,10.0,0,7.58,81.83
837,7.5,7.25,7.42,7.17,7.58,7.58,10.0,10.0,10.0,6,7.33,81.83
838,7.58,7.25,7.5,7.75,7.17,7.75,10.0,10.0,10.0,1,6.83,81.83
839,7.0,7.5,6.92,8.25,7.58,7.67,10.0,10.0,10.0,0,6.92,81.83
840,7.58,7.33,7.42,7.33,7.33,7.33,10.0,10.0,10.0,2,7.5,81.83
841,7.5,7.33,7.5,7.42,7.58,7.17,10.0,10.0,10.0,7,7.33,81.83
842,7.5,7.25,7.5,7.33,7.5,7.42,10.0,10.0,10.0,1,7.33,81.83
843,7.5,7.42,7.25,7.42,7.67,7.08,10.0,10.0,10.0,0,7.5,81.83
844,7.33,7.33,7.25,7.33,7.67,7.75,10.0,10.0,10.0,0,7.17,81.83
845,7.42,7.42,7.33,7.42,7.42,7.42,10.0,10.0,10.0,6,7.42,81.83
846,7.42,7.42,7.33,7.42,7.58,7.33,10.0,10.0,10.0,0,7.33,81.83
847,7.58,7.33,7.17,7.33,7.33,7.83,10.0,10.0,10.0,0,7.25,81.83
848,7.5,7.33,7.33,7.5,7.5,7.33,10.0,10.0,10.0,4,7.33,81.83
849,7.42,7.42,7.5,7.5,7.42,7.33,10.0,10.0,10.0,0,7.25,81.83
850,7.5,7.58,7.42,7.33,7.5,7.5,10.0,10.0,10.0,0,7.0,81.83
851,7.83,7.83,8.0,8.0,7.83,7.83,10.0,6.67,10.0,1,7.83,81.83
852,7.75,7.75,7.42,7.83,7.75,7.83,9.33,9.33,9.33,0,7.5,81.83
853,7.67,7.83,7.33,7.5,7.83,7.67,9.33,10.0,9.33,1,7.33,81.83
854,7.33,7.33,7.58,7.25,7.83,7.25,10.0,10.0,10.0,2,7.25,81.83
855,7.33,7.5,7.5,7.42,7.33,7.5,10.0,10.0,10.0,10,7.25,81.83
856,7.67,7.25,7.5,7.33,7.33,7.5,10.0,10.0,10.0,2,7.25,81.83
857,7.5,7.33,7.58,7.33,7.58,7.33,10.0,10.0,10.0,0,7.17,81.83
858,7.58,7.75,7.67,7.33,7.25,7.75,9.33,9.33,10.0,12,7.83,81.83
859,7.5,7.33,7.42,7.33,7.5,7.42,10.0,10.0,10.0,1,7.25,81.75
860,7.08,7.33,7.5,8.0,7.0,7.5,10.0,10.0,10.0,0,7.33,81.75
861,7.42,7.33,7.42,7.42,7.42,7.33,10.0,10.0,10.0,4,7.42,81.75
862,7.25,8.25,7.25,7.25,7.17,7.42,10.0,10.0,10.0,1,7.17,81.75
863,7.5,7.25,7.42,7.5,7.5,7.25,10.0,10.0,10.0,9,7.33,81.75
864,7.5,7.42,7.67,7.25,7.42,7.33,10.0,10.0,10.0,23,7.17,81.75
865,7.5,7.33,7.58,7.25,7.42,7.33,10.0,10.0,10.0,1,7.33,81.75
866,7.42,7.25,7.67,7.33,7.33,7.42,10.0,10.0,10.0,14,7.33,81.75
867,7.42,7.25,7.33,7.33,7.5,7.67,10.0,10.0,10.0,1,7.25,81.75
868,7.42,7.67,7.33,7.17,7.33,7.5,10.0,10.0,10.0,1,7.33,81.75
869,7.58,8.0,7.08,7.5,7.42,7.25,10.0,10.0,10.0,0,6.92,81.75
870,7.5,7.25,7.5,7.25,7.42,7.5,10.0,10.0,10.0,5,7.25,81.67
871,7.42,7.42,7.42,7.58,7.42,7.33,10.0,10.0,10.0,1,7.08,81.67
872,7.33,7.42,7.67,7.33,7.42,7.33,10.0,10.0,10.0,3,7.17,81.67
873,7.5,7.25,7.33,7.25,7.58,7.42,10.0,10.0,10.0,2,7.33,81.67
874,7.33,7.33,7.42,7.58,7.17,7.5,10.0,10.0,10.0,1,7.33,81.67
875,7.5,7.25,7.25,7.33,7.58,7.5,10.0,10.0,10.0,1,7.25,81.67
876,7.75,7.83,7.67,7.67,7.75,5.25,10.0,10.0,10.0,1,7.75,81.67
877,7.75,7.58,7.42,7.25,7.25,7.5,10.0,10.0,10.0,0,6.92,81.67
878,7.33,7.42,7.42,7.33,7.42,7.5,10.0,10.0,10.0,0,7.25,81.67
879,7.33,7.33,7.25,7.5,7.33,7.42,10.0,10.0,10.0,7,7.5,81.67
880,7.42,7.42,7.5,7.33,7.25,7.5,10.0,10.0,10.0,2,7.25,81.67
881,7.42,7.42,7.42,7.58,7.17,7.33,10.0,10.0,10.0,0,7.33,81.67
882,7.33,7.17,7.5,7.5,7.5,7.17,10.0,10.0,10.0,5,7.5,81.67
883,7.17,7.08,7.17,8.08,7.5,7.5,10.0,10.0,10.0,3,7.17,81.67
884,7.42,7.5,8.0,7.42,7.42,7.58,9.33,9.33,10.0,4,7.67,81.67
885,7.5,7.25,7.25,7.25,7.5,7.42,10.0,10.0,10.0,0,7.5,81.67
886,7.42,7.33,7.42,7.25,7.58,7.33,10.0,10.0,10.0,0,7.33,81.67
887,7.42,7.33,7.58,7.42,7.5,7.33,10.0,10.0,10.0,6,7.08,81.67
888,7.67,7.33,7.33,7.17,7.5,7.33,10.0,10.0,10.0,4,7.33,81.67
889,7.67,7.58,7.67,7.58,7.25,7.67,8.67,10.0,10.0,13,7.58,81.67
890,7.25,7.25,7.75,7.08,7.67,7.5,10.0,10.0,10.0,4,7.17,81.67
891,7.42,7.42,7.42,7.17,7.5,7.42,10.0,10.0,10.0,2,7.33,81.67
892,7.42,7.17,7.58,7.42,7.58,7.25,10.0,10.0,10.0,2,7.25,81.67
893,7.58,7.33,7.17,7.67,7.75,7.58,9.33,10.0,10.0,4,7.25,81.67
894,7.33,7.83,7.33,7.25,7.42,7.17,10.0,10.0,10.0,1,7.33,81.67
895,7.42,7.33,7.42,7.33,7.5,7.5,10.0,10.0,10.0,3,7.08,81.58
896,7.42,7.33,7.5,7.42,7.42,7.42,10.0,10.0,10.0,0,7.08,81.58
897,7.42,7.25,7.67,7.25,7.42,7.33,10.0,10.0,10.0,0,7.25,81.58
898,7.42,7.58,7.17,7.25,7.58,7.08,10.0,10.0,10.0,1,7.5,81.58
899,7.42,7.33,7.42,7.25,7.42,7.42,10.0,10.0,10.0,5,7.33,81.58
900,7.42,7.33,7.58,7.33,7.42,7.33,10.0,10.0,10.0,0,7.17,81.58
901,7.17,8.25,7.08,7.0,7.33,8.33,10.0,10.0,9.33,0,7.08,81.58
902,7.42,7.25,7.33,7.33,7.42,7.5,10.0,10.0,10.0,3,7.33,81.58
903,7.33,7.5,7.58,7.17,7.42,7.42,10.0,10.0,10.0,1,7.17,81.58
904,7.5,7.42,7.5,7.33,7.67,6.75,10.0,10.0,10.0,9,7.42,81.58
905,7.5,7.17,7.5,7.33,7.33,7.5,10.0,10.0,10.0,0,7.25,81.58
906,7.58,7.42,7.58,7.67,7.67,7.58,10.0,10.0,8.67,2,7.42,81.58
907,7.33,7.5,7.58,7.33,7.08,7.17,10.0,10.0,10.0,0,7.58,81.58
908,7.33,7.33,7.5,7.33,7.33,7.58,10.0,10.0,10.0,0,7.17,81.58
909,7.17,7.75,7.33,7.25,7.25,7.5,10.0,10.0,10.0,1,7.33,81.58
910,7.58,7.42,7.42,7.58,7.67,7.33,9.33,10.0,10.0,0,7.17,81.5
911,7.42,7.33,7.33,7.33,7.5,7.25,10.0,10.0,10.0,3,7.33,81.5
912,7.5,7.25,7.42,7.33,7.5,7.17,10.0,10.0,10.0,5,7.33,81.5
913,7.42,7.25,7.25,7.33,7.5,7.5,10.0,10.0,10.0,0,7.25,81.5
914,7.42,7.25,7.08,7.33,7.5,7.58,10.0,10.0,10.0,2,7.33,81.5
915,7.42,7.33,7.5,7.42,7.25,7.33,10.0,10.0,10.0,4,7.25,81.5
916,7.33,7.5,7.08,7.33,7.83,7.33,10.0,10.0,10.0,2,7.08,81.5
917,7.42,7.17,7.5,7.33,7.67,7.5,10.0,10.0,10.0,0,6.92,81.5
918,7.42,7.42,7.58,7.17,7.5,7.25,10.0,10.0,10.0,0,7.17,81.5
919,7.33,7.5,7.33,7.5,7.42,7.42,10.0,10.0,9.33,0,7.67,81.5
920,7.5,7.83,7.67,7.75,7.58,7.67,9.33,9.33,9.33,1,7.5,81.5
921,7.33,7.33,7.42,7.33,7.42,7.42,10.0,10.0,10.0,0,7.25,81.5
922,7.42,7.33,7.25,7.42,7.5,7.33,10.0,10.0,10.0,0,7.25,81.5
923,7.33,7.5,7.42,7.25,7.33,7.5,10.0,10.0,10.0,2,7.17,81.5
924,7.42,7.33,7.42,7.17,7.58,7.33,10.0,10.0,10.0,5,7.25,81.5
925,7.25,8.0,7.42,7.08,7.42,7.17,10.0,10.0,10.0,10,7.17,81.5
926,7.5,7.42,7.33,7.25,7.33,7.33,10.0,10.0,10.0,6,7.33,81.5
927,7.42,7.42,7.17,7.5,7.42,7.25,10.0,10.0,10.0,5,7.33,81.5
928,7.5,7.58,7.5,7.42,7.5,7.42,9.33,10.0,10.0,3,7.25,81.5
929,7.17,7.33,7.33,7.17,7.75,7.58,10.0,10.0,10.0,0,7.17,81.5
930,7.42,7.33,7.42,7.17,7.5,7.5,10.0,10.0,10.0,2,7.17,81.5
931,7.5,7.33,7.42,7.42,7.33,7.17,10.0,10.0,10.0,1,7.33,81.5
932,7.42,7.33,7.42,7.33,7.42,7.42,10.0,10.0,10.0,0,7.17,81.5
933,7.33,7.83,7.5,7.33,7.33,7.5,9.33,10.0,10.0,17,7.33,81.5
934,7.33,7.33,7.33,7.25,7.58,7.5,10.0,10.0,10.0,17,7.08,81.42
935,7.33,7.25,7.58,7.42,7.42,7.33,10.0,10.0,10.0,0,7.08,81.42
936,7.5,7.42,7.33,7.5,7.33,6.83,10.0,10.0,10.0,2,7.5,81.42
937,7.33,7.42,7.25,7.25,7.5,7.5,10.0,10.0,10.0,1,7.17,81.42
938,7.75,7.08,7.17,7.08,7.83,7.08,10.0,10.0,10.0,0,7.42,81.42
939,7.17,7.42,7.42,7.42,7.58,7.08,10.0,10.0,10.0,0,7.33,81.42
940,7.5,7.33,7.17,7.42,7.25,7.33,10.0,10.0,10.0,0,7.42,81.42
941,7.5,7.42,7.42,7.08,7.42,7.42,10.0,10.0,10.0,6,7.17,81.42
942,7.33,7.42,7.17,7.33,7.67,7.25,10.0,10.0,10.0,1,7.25,81.42
943,7.42,7.42,7.33,7.25,7.42,7.42,10.0,10.0,10.0,5,7.17,81.42
944,7.33,7.5,7.42,7.08,7.42,7.42,10.0,10.0,10.0,4,7.25,81.42
945,7.33,7.42,7.17,7.58,7.42,7.25,10.0,10.0,10.0,8,7.25,81.42
946,7.42,7.33,7.25,7.25,7.42,7.5,10.0,10.0,10.0,1,7.25,81.42
947,7.42,7.75,7.17,7.17,7.5,7.17,10.0,10.0,10.0,0,7.25,81.42
948,7.33,7.25,7.0,7.33,7.75,7.33,10.0,10.0,10.0,2,7.42,81.42
949,7.0,7.5,7.58,6.92,7.83,7.58,10.0,10.0,10.0,10,7.0,81.42
950,7.33,7.42,7.17,7.25,7.5,7.33,10.0,10.0,10.0,0,7.33,81.33
951,7.5,7.33,7.17,7.33,7.5,7.5,10.0,10.0,10.0,3,7.0,81.33
952,7.42,7.08,7.42,7.17,7.67,7.58,10.0,10.0,10.0,0,7.0,81.33
953,7.33,7.42,7.33,7.33,7.25,7.33,10.0,10.0,10.0,14,7.33,81.33
954,7.42,7.17,7.42,7.42,7.58,7.17,10.0,10.0,10.0,4,7.17,81.33
955,7.33,7.33,7.25,7.42,7.17,7.42,10.0,10.0,10.0,6,7.42,81.33
956,7.33,7.5,7.33,7.33,7.08,7.33,10.0,10.0,10.0,3,7.42,81.33
957,7.33,7.25,7.33,7.25,7.75,7.33,10.0,10.0,10.0,1,7.08,81.33
958,7.33,7.33,7.33,7.33,7.33,7.5,10.0,10.0,10.0,3,7.17,81.33
959,7.42,7.25,7.33,7.25,7.58,7.25,10.0,10.0,10.0,13,7.25,81.33
960,7.25,7.33,7.42,7.25,7.33,7.58,10.0,10.0,10.0,4,7.17,81.33
961,7.58,7.83,7.5,7.58,7.5,7.75,9.33,9.33,9.33,0,7.5,81.33
962,7.75,7.75,7.83,5.25,7.83,7.83,9.33,10.0,10.0,0,7.67,81.25
963,7.42,8.17,7.08,7.33,7.17,6.92,10.0,10.0,10.0,1,7.17,81.25
964,7.5,7.25,7.17,7.5,7.08,7.42,10.0,10.0,10.0,4,7.33,81.25
965,7.17,7.25,7.5,7.42,7.42,7.33,10.0,10.0,10.0,1,7.17,81.25
966,7.42,7.33,7.25,7.33,7.33,7.42,10.0,10.0,10.0,2,7.17,81.25
967,7.17,7.42,7.5,7.42,7.33,7.25,10.0,10.0,10.0,5,7.17,81.25
968,7.5,7.25,7.25,7.25,7.5,7.25,10.0,10.0,10.0,0,7.25,81.25
969,7.33,7.25,7.58,7.08,7.5,7.0,10.0,10.0,10.0,4,7.5,81.25
970,7.42,7.42,7.33,7.5,7.42,7.5,9.33,10.0,10.0,1,7.33,81.25
971,7.5,7.17,7.17,7.25,7.33,7.58,10.0,10.0,10.0,7,7.17,81.17
972,7.17,7.17,7.33,7.17,7.67,7.5,10.0,10.0,10.0,2,7.17,81.17
973,7.58,7.25,7.25,7.17,7.75,7.08,10.0,10.0,10.0,10,7.08,81.17
974,7.5,7.17,7.17,7.42,7.5,7.08,10.0,10.0,10.0,0,7.33,81.17
975,7.33,7.33,7.42,7.33,7.42,7.33,10.0,10.0,10.0,1,7.0,81.17
976,7.42,7.42,7.17,7.42,6.83,7.5,10.0,10.0,10.0,0,7.42,81.17
977,7.25,7.5,7.08,7.25,7.25,7.58,10.0,10.0,10.0,4,7.25,81.17
978,7.17,7.25,7.33,7.33,7.58,7.33,10.0,10.0,10.0,2,7.17,81.17
979,7.25,7.33,7.08,7.25,7.58,7.33,10.0,10.0,10.0,12,7.33,81.17
980,7.08,7.58,7.25,7.25,7.33,7.33,10.0,10.0,10.0,3,7.33,81.17
981,7.42,7.25,7.42,7.17,7.42,7.33,10.0,10.0,10.0,3,7.17,81.17
982,7.25,7.17,7.75,7.08,7.42,7.42,10.0,10.0,10.0,7,7.08,81.17
983,7.25,7.42,7.25,7.25,7.42,7.25,10.0,10.0,10.0,4,7.33,81.17
984,7.33,7.17,7.42,7.08,7.42,7.5,10.0,10.0,10.0,1,7.25,81.17
985,7.75,7.67,7.67,7.75,7.25,7.42,8.67,9.33,10.0,0,7.67,81.17
986,7.33,7.17,7.33,7.25,7.42,7.42,10.0,10.0,10.0,1,7.17,81.08
987,7.42,7.58,7.25,7.33,7.58,7.75,9.33,10.0,9.33,8,7.5,81.08
988,7.33,7.33,7.42,7.0,7.33,7.33,10.0,10.0,10.0,1,7.33,81.08
989,7.17,7.33,7.42,7.17,7.42,7.25,10.0,10.0,10.0,0,7.33,81.08
990,7.33,7.33,7.25,7.17,7.42,7.25,10.0,10.0,10.0,2,7.33,81.08
991,7.25,7.58,7.25,7.17,7.42,7.25,10.0,10.0,10.0,0,7.17,81.08
992,7.75,7.67,7.58,8.5,7.67,7.58,6.67,10.0,10.0,0,7.67,81.08
993,7.42,7.33,7.33,7.25,7.25,7.17,10.0,10.0,10.0,16,7.33,81.08
994,7.25,7.42,7.42,7.08,7.33,7.25,10.0,10.0,10.0,2,7.33,81.08
995,7.33,7.25,7.42,7.25,7.33,7.25,10.0,10.0,10.0,5,7.25,81.08
996,7.33,7.25,7.42,7.25,7.42,7.17,10.0,10.0,10.0,1,7.25,81.08
997,7.42,7.17,7.58,7.33,7.42,6.92,10.0,10.0,10.0,0,7.25,81.08
998,7.25,7.17,7.5,7.33,7.25,7.33,10.0,10.0,10.0,9,7.17,81.0
999,7.08,7.58,7.33,7.25,7.42,7.25,10.0,10.0,10.0,6,7.08,81.0
1000,7.17,7.17,7.67,7.17,7.33,7.33,10.0,10.0,10.0,3,7.17,81.0
1001,7.25,7.17,7.5,7.25,7.42,7.25,10.0,10.0,10.0,8,7.17,81.0
1002,7.5,7.75,5.25,7.75,7.67,7.67,10.0,10.0,10.0,4,7.42,81.0
1003,7.25,7.25,7.25,7.25,7.5,7.5,10.0,10.0,10.0,1,7.0,81.0
1004,7.17,7.33,7.25,7.33,7.25,7.5,10.0,10.0,10.0,0,7.17,81.0
1005,7.25,7.17,7.33,7.33,7.42,7.25,10.0,10.0,10.0,1,7.25,81.0
1006,7.75,7.75,7.75,7.75,7.67,7.83,10.0,6.67,10.0,0,7.83,81.0
1007,7.33,7.33,7.42,7.33,7.33,7.17,10.0,10.0,10.0,5,7.08,81.0
1008,6.92,7.42,7.33,7.42,7.33,7.42,10.0,10.0,10.0,3,7.17,81.0
1009,6.92,7.33,7.33,7.25,7.5,7.33,10.0,10.0,10.0,0,7.33,81.0
1010,7.42,7.17,7.42,7.17,7.33,7.25,10.0,10.0,10.0,3,7.25,81.0
1011,7.33,7.25,7.33,7.25,7.08,7.42,10.0,10.0,10.0,12,7.33,81.0
1012,7.67,7.5,7.67,7.5,7.58,7.58,8.0,10.0,10.0,8,7.5,81.0
1013,7.17,7.25,7.33,7.25,7.33,7.33,10.0,10.0,10.0,0,7.25,80.92
1014,7.67,7.5,7.58,7.5,7.67,7.67,9.33,9.33,9.33,2,7.33,80.92
1015,7.58,7.75,7.5,5.42,7.17,8.0,10.0,10.0,10.0,3,7.5,80.92
1016,7.33,7.33,7.42,7.33,7.5,7.5,9.33,10.0,10.0,11,7.17,80.92
1017,7.42,7.0,7.58,7.42,7.17,7.33,10.0,10.0,10.0,5,7.0,80.92
1018,7.08,7.25,7.17,7.25,7.42,7.58,10.0,10.0,10.0,5,7.17,80.92
1019,7.17,7.33,7.25,7.25,7.33,7.42,10.0,10.0,10.0,0,7.17,80.92
1020,7.33,7.33,7.25,7.25,7.25,7.25,10.0,10.0,10.0,8,7.25,80.92
1021,7.67,7.08,7.08,6.75,7.92,7.08,10.0,10.0,10.0,0,7.33,80.92
1022,7.42,7.33,7.25,7.33,7.17,7.25,10.0,10.0,10.0,0,7.17,80.92
1023,7.08,7.42,7.0,7.33,7.33,7.5,10.0,10.0,10.0,3,7.25,80.92
1024,7.42,7.17,7.5,7.08,7.58,7.25,10.0,10.0,10.0,5,6.92,80.92
1025,7.25,7.25,7.25,7.25,7.42,7.25,10.0,10.0,10.0,0,7.25,80.92
1026,7.17,8.08,7.08,7.17,7.25,7.08,10.0,10.0,10.0,0,7.08,80.92
1027,7.25,7.25,7.25,7.25,7.42,7.25,10.0,10.0,10.0,0,7.25,80.92
1028,7.33,7.25,7.5,7.0,7.58,7.17,10.0,10.0,10.0,12,7.08,80.92
1029,7.58,7.0,7.33,6.83,7.67,7.17,10.0,10.0,10.0,0,7.33,80.92
1030,7.33,7.25,7.17,7.33,7.42,7.17,10.0,10.0,10.0,0,7.17,80.83
1031,7.25,7.25,7.33,7.08,7.67,7.17,10.0,10.0,10.0,1,7.08,80.83
1032,7.08,7.33,7.42,7.33,7.17,7.25,10.0,10.0,10.0,7,7.25,80.83
1033,7.25,7.17,7.33,7.17,7.33,7.25,10.0,10.0,10.0,3,7.33,80.83
1034,7.17,7.17,7.25,7.25,7.5,7.17,10.0,10.0,10.0,1,7.33,80.83
1035,7.33,7.5,7.25,7.0,7.42,7.33,10.0,10.0,10.0,0,7.0,80.83
1036,7.33,7.67,6.83,7.33,7.33,7.33,10.0,10.0,10.0,1,7.0,80.83
1037,7.25,7.58,7.17,7.25,7.17,7.25,10.0,10.0,10.0,1,7.08,80.75
1038,7.5,7.08,7.58,7.17,6.92,7.5,10.0,10.0,10.0,2,7.0,80.75
1039,7.33,7.17,7.42,7.17,7.5,7.17,10.0,10.0,10.0,1,7.0,80.75
1040,7.25,7.25,7.25,7.25,7.25,7.33,10.0,10.0,10.0,5,7.17,80.75
1041,7.33,7.17,7.42,7.08,7.5,7.25,10.0,10.0,10.0,2,7.0,80.75
1042,7.33,7.17,7.33,7.17,7.25,7.33,10.0,10.0,10.0,4,7.17,80.75
1043,7.17,7.25,7.42,7.17,7.42,7.25,10.0,10.0,10.0,2,7.08,80.75
1044,7.33,7.33,7.5,7.0,7.25,7.25,10.0,10.0,10.0,1,7.08,80.75
1045,7.33,7.17,7.25,7.25,7.33,7.17,10.0,10.0,10.0,0,7.25,80.75
1046,7.33,7.5,7.25,7.5,7.58,7.5,9.33,9.33,10.0,2,7.42,80.75
1047,7.0,7.33,7.25,7.25,7.42,7.08,10.0,10.0,10.0,0,7.42,80.75
1048,7.33,7.67,7.25,6.92,7.08,7.33,10.0,10.0,10.0,6,7.17,80.75
1049,7.08,7.33,7.08,7.33,7.33,7.42,10.0,10.0,10.0,1,7.08,80.67
1050,7.42,7.5,7.67,7.33,7.58,7.5,9.33,9.33,10.0,1,7.0,80.67
1051,7.42,7.17,7.17,7.0,7.67,7.42,10.0,10.0,10.0,0,6.83,80.67
1052,7.5,7.5,7.67,8.0,7.83,7.83,6.67,10.0,10.0,4,7.67,80.67
1053,7.25,7.17,7.17,7.17,7.5,7.25,10.0,10.0,10.0,1,7.17,80.67
1054,7.17,7.42,7.25,7.25,7.25,7.17,10.0,10.0,10.0,4,7.17,80.67
1055,7.5,7.75,7.67,8.5,7.67,7.5,10.0,10.0,6.67,1,7.42,80.67
1056,7.17,7.0,7.5,7.33,7.67,7.0,10.0,10.0,10.0,5,7.0,80.67
1057,7.33,7.33,7.33,7.17,7.0,7.0,10.0,10.0,10.0,2,7.5,80.67
1058,7.5,7.17,7.17,7.33,7.0,7.17,10.0,10.0,10.0,3,7.33,80.67
1059,7.25,7.42,7.42,7.25,7.17,7.08,10.0,10.0,10.0,2,7.08,80.67
1060,7.25,7.25,7.08,7.42,7.33,7.58,9.33,10.0,10.0,7,7.33,80.58
1061,7.5,7.0,7.25,7.33,7.08,7.42,10.0,10.0,10.0,0,7.0,80.58
1062,7.08,7.25,7.33,7.25,7.25,7.33,10.0,10.0,10.0,1,7.08,80.58
1063,7.25,7.25,7.0,7.25,7.42,7.08,10.0,10.0,10.0,3,7.33,80.58
1064,7.17,7.0,7.42,7.17,7.5,7.33,10.0,10.0,10.0,5,7.0,80.58
1065,7.42,7.25,7.5,7.25,7.17,7.17,10.0,10.0,10.0,5,6.83,80.58
1066,7.58,7.83,7.92,7.83,7.42,7.83,8.67,8.67,9.33,0,7.5,80.58
1067,7.25,7.33,7.5,7.33,7.08,7.08,10.0,10.0,10.0,2,7.0,80.58
1068,7.17,7.25,7.42,7.17,7.17,7.17,10.0,10.0,10.0,0,7.17,80.5
1069,7.25,7.17,7.17,7.25,7.33,7.25,10.0,10.0,10.0,4,7.08,80.5
1070,7.33,7.08,7.17,7.0,7.58,7.33,10.0,10.0,10.0,5,7.0,80.5
1071,7.25,7.17,7.17,7.25,7.25,7.25,10.0,10.0,10.0,0,7.17,80.5
1072,7.33,7.25,7.5,7.33,7.25,7.33,9.33,10.0,10.0,3,7.17,80.5
1073,7.33,7.08,7.42,7.08,7.17,7.25,10.0,10.0,10.0,2,7.17,80.5
1074,7.17,7.17,7.5,7.17,7.5,7.17,10.0,10.0,10.0,3,6.83,80.5
1075,7.42,7.5,7.33,7.42,7.42,7.67,9.33,9.33,10.0,10,7.08,80.5
1076,7.33,7.42,7.58,7.17,7.42,7.58,8.67,10.0,10.0,0,7.33,80.5
1077,7.5,7.0,7.67,6.67,7.5,7.17,10.0,10.0,10.0,1,7.0,80.5
1078,7.25,7.17,7.33,7.17,7.25,7.25,10.0,10.0,10.0,1,7.08,80.5
1079,7.42,7.0,7.42,7.0,7.25,7.33,10.0,10.0,10.0,0,7.0,80.42
1080,7.17,7.17,7.17,7.0,7.58,7.17,10.0,10.0,10.0,0,7.17,80.42
1081,7.17,7.17,7.08,7.25,7.33,7.33,10.0,10.0,10.0,1,7.08,80.42
1082,7.08,7.17,7.17,7.17,7.25,7.33,10.0,10.0,10.0,14,7.25,80.42
1083,7.25,7.25,7.25,7.0,7.25,7.25,10.0,10.0,10.0,0,7.17,80.42
1084,7.17,7.17,7.5,7.25,6.92,7.33,10.0,10.0,10.0,4,7.08,80.42
1085,7.08,7.17,7.33,7.08,7.42,7.25,10.0,10.0,10.0,16,7.08,80.42
1086,7.25,7.08,7.33,7.33,7.08,7.08,10.0,10.0,10.0,0,7.17,80.33
1087,7.17,7.08,7.25,7.17,7.25,7.42,10.0,10.0,10.0,5,7.0,80.33
1088,7.17,7.08,7.25,7.08,7.25,7.25,10.0,10.0,10.0,5,7.25,80.33
1089,7.25,7.25,7.25,7.0,7.25,7.25,10.0,10.0,10.0,0,7.08,80.33
1090,7.33,7.17,7.5,7.17,7.33,7.0,10.0,10.0,10.0,4,6.83,80.33
1091,7.08,7.17,7.33,7.08,7.25,7.33,10.0,10.0,10.0,21,7.08,80.33
1092,7.5,7.33,7.33,7.08,7.17,7.67,9.33,10.0,10.0,7,6.92,80.33
1093,7.25,8.0,7.33,7.08,7.25,7.5,9.33,9.33,10.0,1,7.25,80.33
1094,7.33,7.0,7.08,7.25,7.17,7.0,10.0,10.0,10.0,1,7.42,80.25
1095,7.25,7.0,7.0,7.33,7.25,7.42,10.0,10.0,10.0,4,7.0,80.25
1096,7.17,7.0,7.33,7.17,7.25,7.33,10.0,10.0,10.0,2,7.0,80.25
1097,7.08,6.92,7.33,6.83,8.0,7.08,10.0,10.0,10.0,26,7.0,80.25
1098,7.0,7.33,7.0,7.25,7.42,7.17,10.0,10.0,10.0,1,7.08,80.25
1099,6.92,7.25,7.25,7.25,7.08,7.5,10.0,10.0,10.0,2,7.0,80.25
1100,7.08,7.58,7.67,7.33,7.5,7.42,9.33,9.33,9.33,13,7.67,80.25
1101,8.0,7.58,7.75,7.58,7.42,8.08,8.67,8.67,8.67,0,7.83,80.25
1102,7.08,7.25,7.25,7.0,7.25,7.17,10.0,10.0,10.0,0,7.25,80.25
1103,7.17,7.17,7.33,7.25,7.0,7.0,10.0,10.0,10.0,12,7.33,80.25
1104,7.33,7.0,7.25,7.17,7.58,6.75,10.0,10.0,10.0,8,7.17,80.25
1105,7.25,7.33,7.58,7.25,7.42,7.42,8.67,10.0,10.0,2,7.25,80.17
1106,7.08,7.08,7.33,7.17,7.17,7.25,10.0,10.0,10.0,2,7.08,80.17
1107,7.25,7.08,7.17,7.33,7.25,7.08,10.0,10.0,10.0,0,7.0,80.17
1108,7.33,7.17,7.17,7.0,7.33,7.17,10.0,10.0,10.0,2,7.0,80.17
1109,7.08,7.08,7.42,7.08,7.33,7.25,10.0,10.0,10.0,2,6.92,80.17
1110,7.42,7.17,7.5,7.42,7.58,7.08,8.67,10.0,10.0,2,7.33,80.17
1111,7.33,7.0,7.08,7.0,7.33,7.25,10.0,10.0,10.0,12,7.17,80.17
1112,7.33,7.0,7.33,7.17,7.33,7.0,10.0,10.0,10.0,5,7.0,80.17
1113,7.5,7.33,7.33,7.42,7.58,7.67,9.33,9.33,9.33,1,7.33,80.17
1114,7.17,7.25,7.17,7.08,7.17,7.25,10.0,10.0,10.0,5,7.0,80.08
1115,7.25,7.0,7.17,7.0,7.42,7.0,10.0,10.0,10.0,0,7.25,80.08
1116,7.17,7.25,7.25,7.08,7.25,7.17,10.0,10.0,10.0,4,6.92,80.08
1117,7.25,7.0,7.25,7.0,7.25,7.08,10.0,10.0,10.0,0,7.25,80.08
1118,7.25,7.08,7.0,7.0,7.25,7.25,10.0,10.0,10.0,0,7.25,80.08
1119,7.25,7.08,7.08,7.0,7.25,7.17,10.0,10.0,10.0,0,7.25,80.08
1120,7.17,7.08,7.08,7.08,7.33,7.08,10.0,10.0,10.0,0,7.25,80.08
1121,7.08,7.17,7.17,7.08,7.25,7.33,10.0,10.0,10.0,17,7.0,80.08
1122,7.08,7.17,7.08,7.0,7.33,7.42,10.0,10.0,10.0,5,6.92,80.0
1123,7.33,7.0,7.42,6.92,7.17,7.17,10.0,10.0,10.0,4,7.0,80.0
1124,7.75,7.5,7.5,7.42,7.58,7.5,8.67,8.67,10.0,2,7.42,80.0
1125,7.25,7.0,7.0,7.0,7.25,7.25,10.0,10.0,10.0,0,7.25,80.0
1126,6.67,7.08,7.42,7.0,7.33,7.42,10.0,10.0,10.0,0,7.08,80.0
1127,7.25,7.33,7.17,7.25,7.25,7.33,9.33,10.0,10.0,9,7.08,80.0
1128,7.33,7.0,7.33,7.17,7.08,7.08,10.0,10.0,10.0,12,7.0,80.0
1129,7.42,7.58,7.92,7.75,7.42,7.75,8.67,9.33,8.67,2,7.5,80.0
1130,7.67,7.17,7.75,7.42,7.83,7.83,6.67,10.0,10.0,1,7.58,79.92
1131,7.0,7.17,6.92,7.0,7.5,7.33,10.0,10.0,10.0,3,7.0,79.92
1132,7.08,7.17,7.33,7.17,7.33,7.42,9.33,10.0,10.0,4,7.08,79.92
1133,7.17,7.08,7.25,7.0,7.17,7.33,10.0,10.0,10.0,7,6.92,79.92
1134,7.17,7.08,7.17,6.75,7.5,7.25,10.0,10.0,10.0,0,7.0,79.92
1135,7.08,7.33,7.08,7.33,7.17,7.5,9.33,10.0,10.0,3,7.08,79.92
1136,7.25,7.17,7.42,7.25,7.33,7.17,9.33,10.0,10.0,6,7.0,79.92
1137,7.33,7.08,7.58,7.0,7.17,7.33,10.0,9.33,10.0,0,7.08,79.92
1138,7.42,7.58,7.42,7.58,7.5,7.5,8.67,8.67,10.0,0,7.58,79.92
1139,7.08,7.25,7.17,7.08,7.0,7.25,10.0,10.0,10.0,5,7.0,79.83
1140,7.25,7.33,7.33,7.08,7.33,7.25,9.33,10.0,10.0,2,6.92,79.83
1141,7.17,7.08,6.92,7.17,6.83,7.5,10.0,10.0,10.0,0,7.17,79.83
1142,7.08,7.0,7.25,6.83,7.17,7.5,10.0,10.0,10.0,3,7.0,79.83
1143,7.08,7.17,7.17,7.17,7.58,7.5,9.33,10.0,10.0,10,6.83,79.83
1144,7.42,7.42,7.58,7.25,7.5,7.33,9.33,9.33,9.33,1,7.25,79.75
1145,7.33,7.83,7.33,7.33,7.75,7.67,9.33,9.33,8.67,0,7.17,79.75
1146,7.08,7.17,7.0,7.0,7.08,7.17,10.0,10.0,10.0,0,7.25,79.75
1147,7.08,6.92,7.5,7.0,7.25,7.08,10.0,10.0,10.0,0,6.92,79.75
1148,7.08,7.42,7.25,7.17,7.0,7.5,9.33,10.0,10.0,2,7.0,79.75
1149,7.5,7.58,7.75,8.0,7.58,7.67,8.0,8.0,10.0,4,7.67,79.75
1150,7.08,6.92,7.0,6.67,7.58,7.5,10.0,10.0,10.0,4,7.0,79.75
1151,7.08,6.92,7.58,6.83,7.58,7.5,10.0,9.33,10.0,4,6.92,79.75
1152,7.08,7.08,7.17,7.0,7.25,7.17,10.0,10.0,10.0,5,7.0,79.75
1153,7.17,7.0,7.08,6.92,7.25,7.17,10.0,10.0,10.0,0,7.17,79.75
1154,7.25,7.0,7.08,7.0,7.33,7.08,10.0,10.0,10.0,22,7.0,79.75
1155,7.33,7.33,7.33,7.67,7.58,7.0,9.33,9.33,9.33,4,7.5,79.75
1156,6.83,7.08,7.08,7.33,7.25,7.25,10.0,10.0,10.0,7,6.92,79.75
1157,7.42,7.33,7.58,7.25,7.42,7.42,9.33,9.33,9.33,1,7.25,79.67
1158,7.08,7.17,6.83,7.0,7.25,7.33,10.0,10.0,10.0,12,7.0,79.67
1159,7.17,7.08,7.42,7.08,6.92,7.17,10.0,10.0,10.0,0,6.83,79.67
1160,7.0,7.17,7.08,7.0,7.5,7.08,10.0,10.0,10.0,6,6.83,79.67
1161,7.25,6.58,7.58,6.83,7.42,7.17,10.0,10.0,10.0,6,6.83,79.67
1162,7.17,7.0,6.75,7.33,7.33,7.08,10.0,10.0,10.0,6,7.0,79.67
1163,7.17,7.08,7.17,7.08,6.92,7.08,10.0,10.0,10.0,9,7.17,79.67
1164,7.17,6.92,7.0,7.17,7.17,7.25,10.0,10.0,10.0,0,7.0,79.67
1165,7.0,7.08,7.33,6.92,7.08,7.25,10.0,10.0,10.0,11,6.92,79.58
1166,6.92,7.0,7.33,6.92,7.25,7.25,10.0,10.0,10.0,5,6.92,79.58
1167,7.17,7.33,6.75,6.92,7.25,7.17,10.0,10.0,10.0,4,7.0,79.58
1168,7.0,7.0,7.33,7.08,7.08,7.25,10.0,10.0,10.0,19,6.83,79.58
1169,6.92,7.0,7.42,7.0,6.92,7.25,10.0,10.0,10.0,6,7.0,79.5
1170,7.0,7.0,7.0,7.0,6.92,7.42,10.0,10.0,10.0,1,7.17,79.5
1171,7.5,7.5,7.42,7.5,7.83,7.67,10.0,6.67,10.0,2,7.42,79.5
1172,7.08,7.08,7.25,7.0,7.25,7.58,9.33,10.0,10.0,20,6.92,79.5
1173,7.33,7.17,7.25,7.0,7.25,7.17,9.33,10.0,10.0,5,7.0,79.5
1174,7.33,7.42,7.58,7.42,7.08,7.33,9.33,9.33,9.33,2,7.25,79.42
1175,7.33,7.17,7.0,6.83,7.25,7.0,10.0,10.0,10.0,4,6.83,79.42
1176,6.83,7.17,7.42,6.83,7.0,7.33,10.0,10.0,10.0,30,6.83,79.42
1177,7.25,7.08,7.0,7.08,7.42,7.33,9.33,10.0,10.0,2,6.83,79.33
1178,7.25,7.25,7.25,7.33,7.42,7.42,9.33,9.33,10.0,3,6.75,79.33
1179,7.0,6.92,7.33,6.83,7.0,7.42,10.0,10.0,10.0,23,6.83,79.33
1180,7.17,7.08,7.17,7.0,7.42,7.08,9.33,10.0,10.0,19,7.08,79.33
1181,6.5,7.33,7.25,7.17,7.17,7.58,10.0,10.0,10.0,6,6.33,79.33
1182,6.83,7.08,7.25,6.75,7.08,7.42,10.0,10.0,10.0,0,6.83,79.25
1183,7.0,7.08,7.17,6.92,7.0,7.17,10.0,10.0,10.0,10,6.92,79.25
1184,7.42,7.42,7.42,7.42,7.33,7.5,8.67,9.33,9.33,0,7.33,79.17
1185,7.0,6.92,6.92,7.0,7.58,7.0,10.0,10.0,10.0,5,6.75,79.17
1186,7.0,6.92,7.42,6.83,7.08,7.0,10.0,10.0,10.0,6,6.92,79.17
1187,7.17,6.92,7.25,6.83,7.25,7.0,10.0,10.0,10.0,6,6.75,79.17
1188,7.42,7.83,8.0,7.33,7.17,7.25,10.0,10.0,6.67,20,7.5,79.17
1189,7.08,7.17,7.08,7.17,7.25,7.17,9.33,10.0,10.0,8,6.92,79.17
1190,6.92,7.0,7.08,6.92,7.17,7.17,10.0,10.0,10.0,34,6.92,79.17
1191,6.75,7.08,7.25,6.92,6.75,7.58,10.0,10.0,10.0,8,6.83,79.17
1192,7.67,7.67,7.42,7.67,7.58,7.67,8.67,8.67,8.67,1,7.42,79.08
1193,7.08,6.92,7.33,6.92,7.42,7.33,10.0,9.33,10.0,0,6.75,79.08
1194,7.0,7.08,7.25,6.83,7.33,7.33,9.33,10.0,10.0,2,6.92,79.08
1195,7.08,7.0,7.33,6.92,7.25,7.42,9.33,10.0,10.0,45,6.75,79.08
1196,7.25,7.08,7.17,7.25,7.17,7.25,9.33,9.33,10.0,0,7.25,79.08
1197,6.75,7.5,6.83,7.25,6.75,7.58,10.0,10.0,10.0,3,6.42,79.08
1198,7.17,6.83,7.42,6.58,7.33,7.08,10.0,10.0,10.0,3,6.58,79.0
1199,7.0,7.0,7.0,7.0,7.0,7.0,10.0,10.0,10.0,12,7.0,79.0
1200,7.17,7.5,7.25,7.0,7.67,8.0,8.67,9.33,9.33,4,7.08,79.0
1201,7.08,7.08,7.25,7.0,6.75,7.17,10.0,10.0,10.0,12,6.67,79.0
1202,7.17,7.0,7.5,7.0,7.5,7.25,8.67,10.0,10.0,17,6.92,79.0
1203,6.83,6.92,7.25,6.83,7.17,7.17,10.0,10.0,10.0,38,6.83,79.0
1204,7.0,7.25,7.08,7.0,7.33,7.17,9.33,10.0,10.0,8,6.75,78.92
1205,7.0,6.75,7.08,6.75,7.5,6.92,10.0,10.0,10.0,0,6.92,78.92
1206,7.0,7.0,7.0,6.75,7.17,7.0,10.0,10.0,10.0,4,6.92,78.83
1207,6.92,7.42,7.25,7.17,7.5,7.58,9.33,9.33,9.33,8,6.92,78.75
1208,7.08,7.0,7.25,6.75,7.33,7.0,10.0,10.0,10.0,8,6.33,78.75
1209,6.83,7.0,7.0,6.67,7.25,7.17,10.0,10.0,10.0,0,6.83,78.75
1210,7.33,7.0,7.25,7.0,7.25,7.08,8.67,10.0,10.0,0,7.17,78.75
1211,7.17,7.17,7.33,7.0,7.67,7.58,9.33,10.0,8.67,0,6.83,78.75
1212,6.92,7.17,7.17,7.08,7.0,7.17,10.0,10.0,9.33,5,6.83,78.67
1213,6.92,6.92,7.25,6.83,6.92,7.17,10.0,10.0,10.0,2,6.67,78.67
1214,7.0,6.92,6.83,6.92,7.08,7.08,10.0,10.0,10.0,7,6.75,78.58
1215,7.08,7.08,6.75,6.67,6.83,7.25,10.0,10.0,10.0,1,6.92,78.58
1216,7.17,7.17,7.58,7.17,7.33,7.25,8.67,9.33,10.0,3,6.92,78.58
1217,6.75,6.92,7.25,6.67,6.83,7.0,10.0,10.0,10.0,0,7.17,78.58
1218,7.0,6.92,7.33,6.67,7.0,6.92,10.0,10.0,10.0,1,6.75,78.58
1219,7.58,7.5,7.92,7.5,7.92,7.92,8.0,6.67,10.0,1,7.58,78.58
1220,6.83,7.33,7.42,7.25,7.92,6.75,8.67,9.33,10.0,0,7.08,78.58
1221,6.75,7.58,6.92,7.17,7.25,7.25,9.33,9.33,10.0,0,6.92,78.5
1222,6.83,6.92,7.0,6.83,7.08,7.0,10.0,10.0,10.0,14,6.83,78.5
1223,7.17,7.08,6.83,6.92,7.25,7.58,8.67,10.0,10.0,3,7.0,78.5
1224,7.0,6.83,7.08,6.83,6.83,6.92,10.0,10.0,10.0,4,6.92,78.42
1225,7.17,7.0,7.17,7.17,7.58,7.33,8.0,10.0,10.0,0,7.0,78.42
1226,7.75,7.92,7.83,7.83,7.5,7.92,7.33,8.0,8.67,0,7.58,78.33
1227,6.5,7.17,7.0,6.67,7.17,7.17,10.0,10.0,10.0,2,6.67,78.33
1228,7.17,6.83,7.17,6.5,7.17,7.0,10.0,10.0,10.0,4,6.5,78.33
1229,7.25,7.42,7.5,7.75,7.25,7.33,8.0,9.33,10.0,47,7.0,78.33
1230,6.08,7.33,7.25,7.0,7.17,7.33,10.0,10.0,10.0,9,6.17,78.33
1231,7.5,7.42,7.58,7.42,7.5,7.5,8.67,8.67,8.67,8,7.33,78.25
1232,7.33,7.75,7.5,7.25,7.42,7.67,8.0,8.67,9.33,31,7.33,78.25
1233,6.83,6.83,6.92,6.83,6.92,6.92,10.0,10.0,10.0,1,6.92,78.17
1234,6.83,6.92,7.25,6.75,7.08,7.25,10.0,9.33,10.0,3,6.67,78.08
1235,7.08,7.5,7.17,7.25,7.5,7.5,6.67,10.0,10.0,4,7.33,78.0
1236,7.0,6.83,7.0,6.67,6.83,7.0,10.0,10.0,10.0,6,6.67,78.0
1237,7.33,7.33,7.42,7.33,7.58,7.5,8.0,8.67,9.33,3,7.5,78.0
1238,7.25,6.92,7.33,7.25,7.42,7.0,9.33,9.33,9.33,2,6.83,78.0
1239,7.17,7.0,7.08,7.17,7.33,7.33,9.33,9.33,9.33,28,6.92,78.0
1240,6.83,6.83,7.17,6.67,7.0,6.67,10.0,10.0,10.0,9,6.83,78.0
1241,7.33,7.08,7.0,7.08,7.25,7.25,10.0,10.0,8.0,7,7.0,78.0
1242,7.17,7.17,7.17,7.08,7.42,7.67,8.67,9.33,9.33,3,7.0,78.0
1243,7.25,6.83,7.0,6.83,7.5,7.08,8.67,9.33,10.0,4,7.42,77.92
1244,7.25,7.08,7.0,6.92,7.42,7.25,8.0,10.0,10.0,3,7.0,77.92
1245,6.17,6.83,7.08,7.17,7.17,7.33,10.0,10.0,10.0,7,6.17,77.92
1246,7.0,7.0,7.17,7.17,7.42,7.08,9.33,8.67,10.0,0,7.0,77.83
1247,6.75,6.83,6.83,6.67,7.0,7.08,10.0,10.0,10.0,2,6.67,77.83
1248,6.83,6.83,7.17,6.5,7.0,6.83,10.0,10.0,10.0,2,6.67,77.83
1249,6.75,7.17,7.33,6.67,7.17,7.33,9.33,9.33,10.0,0,6.58,77.67
1250,7.67,7.42,7.67,7.58,7.58,7.42,9.33,9.33,6.0,5,7.58,77.58
1251,6.75,6.75,6.75,6.67,7.17,6.83,10.0,10.0,10.0,3,6.58,77.5
1252,6.92,7.0,7.0,6.17,7.08,6.92,10.0,10.0,10.0,15,6.33,77.42
1253,7.33,6.92,7.58,7.0,7.5,7.58,8.0,8.0,10.0,3,7.42,77.33
1254,7.0,7.17,7.17,6.67,7.33,7.17,9.33,9.33,9.33,2,6.83,77.33
1255,7.0,6.92,7.0,6.83,7.33,6.92,9.33,9.33,10.0,5,6.67,77.33
1256,6.83,6.92,6.75,6.83,6.83,6.92,9.33,10.0,10.0,1,6.83,77.25
1257,6.92,7.42,6.67,6.75,7.08,7.58,8.67,9.33,10.0,5,6.83,77.25
1258,7.0,7.25,7.25,6.92,7.08,7.33,8.67,8.67,10.0,11,7.0,77.17
1259,7.75,7.83,7.67,7.67,7.42,7.92,8.67,5.33,9.33,9,7.42,77.0
1260,7.33,7.42,6.67,7.42,7.67,7.17,9.33,10.0,6.67,0,7.17,76.83
1261,6.33,6.92,6.83,6.58,6.67,7.0,10.0,10.0,10.0,0,6.42,76.75
1262,6.5,6.92,7.33,6.5,6.42,6.33,10.0,10.0,10.0,4,6.5,76.5
1263,6.58,6.58,7.0,6.58,7.17,7.25,9.33,9.33,10.0,14,6.58,76.42
1264,7.0,7.33,7.5,7.0,7.5,7.17,8.67,8.67,8.67,8,6.83,76.33
1265,6.5,6.83,7.17,6.17,6.17,7.0,10.0,10.0,10.0,5,6.5,76.33
1266,7.08,6.83,7.17,7.08,7.25,7.33,8.67,8.67,9.33,0,6.83,76.25
1267,7.33,7.25,7.58,7.5,7.5,7.67,8.0,8.0,8.0,3,7.33,76.17
1268,7.0,6.83,7.08,6.75,7.42,6.92,7.33,10.0,10.0,4,6.83,76.17
1269,7.0,6.33,6.08,6.67,7.33,7.58,9.33,10.0,9.33,26,6.5,76.17
1270,6.83,7.08,7.17,6.58,7.08,7.17,10.0,7.33,10.0,12,6.83,76.08
1271,6.83,6.83,6.83,7.0,6.83,7.0,9.33,8.67,10.0,7,6.67,76.0
1272,6.5,7.0,6.92,6.67,6.83,6.75,9.33,10.0,9.33,2,6.5,75.83
1273,7.0,7.0,7.5,7.0,7.17,7.17,8.0,8.0,10.0,6,6.83,75.67
1274,7.58,7.17,7.58,6.83,7.92,7.33,8.0,8.0,8.0,15,7.17,75.58
1275,6.5,6.75,7.0,6.5,6.67,7.17,8.67,10.0,10.0,10,6.33,75.58
1276,7.25,6.83,7.0,6.83,7.5,7.17,8.0,8.0,10.0,20,6.92,75.5
1277,6.92,7.75,6.83,6.58,7.17,7.25,10.0,6.0,10.0,20,6.67,75.17
1278,6.83,6.83,7.08,6.67,7.25,7.17,10.0,6.67,10.0,8,6.67,75.17
1279,7.17,6.67,7.17,6.75,7.17,7.42,8.67,7.33,10.0,29,6.83,75.17
1280,6.92,6.83,6.92,6.75,7.0,7.17,10.0,6.67,10.0,7,6.75,75.0
1281,6.75,6.75,7.0,6.42,7.08,7.0,8.67,8.67,10.0,6,6.58,74.92
1282,6.75,7.0,7.25,7.0,7.33,7.5,10.0,5.33,10.0,30,6.67,74.83
1283,6.5,6.75,7.0,6.33,6.75,7.25,8.0,10.0,10.0,8,6.17,74.75
1284,6.67,6.58,7.17,6.42,6.75,7.0,8.0,10.0,10.0,10,6.17,74.75
1285,7.0,6.83,7.5,6.75,7.08,7.33,8.0,7.33,10.0,7,6.83,74.67
1286,7.25,7.33,7.25,7.33,7.5,7.42,8.0,8.67,6.67,2,7.0,74.42
1287,6.33,6.83,7.5,6.0,6.5,7.33,8.67,10.0,8.67,1,6.5,74.33
1288,6.58,6.83,6.83,6.67,7.0,7.08,10.0,6.67,10.0,11,6.67,74.33
1289,6.42,6.75,7.33,6.5,6.92,7.25,10.0,6.67,10.0,27,6.17,74.0
1290,7.0,7.33,7.58,7.08,7.67,7.33,10.0,2.67,10.0,19,7.17,73.83
1291,7.17,6.92,7.58,7.33,7.17,7.67,9.33,6.67,6.67,17,7.17,73.67
1292,6.58,6.42,7.0,6.67,7.25,7.0,8.0,8.0,10.0,0,6.58,73.5
1293,7.17,7.17,7.17,7.08,7.0,7.0,8.0,8.0,8.0,16,6.83,73.42
1294,7.08,6.92,7.08,6.92,7.08,6.92,8.0,8.0,8.0,1,6.92,72.92
1295,7.33,7.67,7.33,7.33,8.0,7.42,6.67,6.67,6.67,15,7.75,72.83
1296,6.92,7.17,7.5,6.92,6.92,7.58,6.67,6.67,9.33,9,6.92,72.58
1297,6.75,6.67,7.17,6.42,6.92,7.33,10.0,5.33,8.67,0,7.08,72.33
1298,6.5,6.5,6.83,6.25,6.33,6.33,10.0,6.67,10.0,7,6.33,71.75
1299,6.92,7.0,6.92,6.58,6.92,7.17,10.0,2.67,10.0,24,6.92,71.08
1300,6.67,6.5,7.17,6.42,6.5,7.33,8.0,6.0,10.0,0,6.42,71.0
1301,7.0,6.92,6.92,6.75,6.92,7.42,6.0,6.0,10.0,1,6.83,70.75
1302,7.0,6.83,7.0,6.67,7.0,7.33,6.0,6.0,10.0,55,6.83,70.67
1303,6.5,6.17,6.67,6.33,6.67,6.83,8.0,8.0,8.0,4,6.17,69.33
1304,6.17,6.17,6.67,6.5,7.0,6.5,8.0,8.0,8.0,3,6.17,69.17
1305,6.33,6.17,6.5,6.33,7.0,6.67,8.0,8.0,8.0,4,6.17,69.17
1306,6.83,6.75,7.42,6.75,7.08,7.25,10.0,0.0,10.0,20,6.25,68.33
1307,6.58,6.67,6.67,6.42,6.75,7.08,9.33,6.0,6.0,16,6.42,67.92
1308,6.58,6.08,6.25,6.17,7.25,6.42,6.0,6.0,6.0,5,6.33,63.08
1309,6.67,6.67,7.67,6.67,7.5,7.33,8.0,1.33,1.33,4,6.67,59.83
1310,0.0,0.0,0.0,0.0,0.0,0.0,0.0,0.0,0.0,2,0.0,0.0
1311,8.08,7.92,7.92,8.0,7.83,8.25,10.0,10.0,8.0,2,7.75,83.75
1312,7.75,7.92,8.0,8.0,8.0,7.92,10.0,10.0,8.0,2,7.92,83.5
1313,7.83,7.92,8.0,8.0,7.92,7.83,10.0,10.0,7.83,0,7.92,83.25
1314,7.92,7.75,7.75,8.08,8.0,7.83,10.0,10.0,7.75,7,7.92,83.0
1315,7.83,7.75,7.75,7.67,8.33,8.25,10.0,10.0,7.58,3,7.83,83.0
1316,7.92,7.92,8.0,7.75,8.0,7.75,10.0,10.0,7.75,0,7.67,82.75
1317,7.75,7.75,7.83,7.83,7.67,7.92,10.0,10.0,8.0,0,7.83,82.58
1318,7.75,7.83,7.67,7.92,7.67,7.92,10.0,10.0,7.92,0,7.83,82.5
1319,7.75,8.0,7.83,7.92,7.67,7.83,10.0,10.0,7.92,0,7.58,82.5
1320,7.83,7.75,7.83,7.83,7.67,7.92,10.0,10.0,7.75,6,7.83,82.42
1321,7.92,7.67,7.83,7.83,7.58,7.5,10.0,10.0,7.67,1,7.75,81.75
1322,7.83,7.58,7.5,7.75,7.67,7.75,10.0,10.0,7.75,0,7.75,81.58
1323,7.58,7.67,7.58,8.33,7.58,7.67,10.0,10.0,7.5,1,7.67,81.58
1324,7.75,7.5,7.58,7.67,8.0,7.67,10.0,10.0,7.58,7,7.75,81.5
1325,7.67,7.58,7.5,7.75,8.0,7.67,10.0,10.0,7.58,2,7.75,81.5
1326,7.75,7.58,7.67,7.83,7.75,7.58,10.0,10.0,7.58,0,7.67,81.42
1327,7.5,7.83,7.83,7.83,7.5,7.67,10.0,10.0,7.83,0,7.25,81.25
1328,7.58,7.67,7.75,7.58,7.33,7.75,10.0,10.0,7.75,1,7.5,80.92
1329,7.58,7.5,7.67,7.42,7.83,7.5,10.0,10.0,7.75,2,7.33,80.58
1330,7.42,7.58,7.58,7.5,7.75,7.67,10.0,10.0,7.67,1,7.33,80.5
1331,7.67,7.5,7.33,7.5,7.67,7.58,10.0,10.0,7.42,1,7.5,80.17
1332,7.42,7.5,7.83,7.58,7.58,7.42,10.0,10.0,7.42,0,7.42,80.17
1333,7.5,7.42,7.42,7.33,7.92,7.42,9.33,10.0,7.58,0,7.42,79.33
1334,7.58,7.83,7.58,7.83,7.75,5.08,10.0,10.0,7.75,1,7.33,78.75
1335,7.67,5.25,7.75,8.58,7.5,5.17,10.0,10.0,8.42,0,7.75,78.08
1336,7.33,7.17,7.42,7.17,7.33,7.5,9.33,9.33,7.42,6,7.17,77.17
1337,6.83,7.0,7.17,6.92,7.42,7.25,9.33,9.33,7.08,1,6.75,75.08
1338,6.67,6.83,6.83,7.92,6.75,6.92,9.33,9.33,6.67,9,6.5,73.75
